domain,name,is_tracker_ep,is_tracker_ocd,is_tracker,flagged_by,party_type,session,lifetime_days
fuq_com,_ga,False,True,True,OpenCookieDatabase,first_party,False,0
nist_gov,_ga,False,True,True,OpenCookieDatabase,first_party,False,0
nist_gov,_ga,False,True,True,OpenCookieDatabase,first_party,False,0
novelbin_com,_ga,False,True,True,OpenCookieDatabase,first_party,False,0
pikabu_ru,yandexuid,False,True,True,OpenCookieDatabase,third_party,False,0
pikabu_ru,yashr,False,True,True,OpenCookieDatabase,third_party,False,0
pikabu_ru,bh,False,True,True,OpenCookieDatabase,third_party,False,0
pikabu_ru,_ym_uid,False,True,True,OpenCookieDatabase,first_party,False,0
pikabu_ru,_ym_d,False,True,True,OpenCookieDatabase,first_party,False,0
pikabu_ru,_ym_isad,False,True,True,OpenCookieDatabase,first_party,False,0
pikabu_ru,yandexuid,False,True,True,OpenCookieDatabase,third_party,False,0
pikabu_ru,yuidss,False,True,True,OpenCookieDatabase,third_party,False,0
pikabu_ru,ymex,False,True,True,OpenCookieDatabase,third_party,False,0
pikabu_ru,_ga,False,True,True,OpenCookieDatabase,first_party,False,0
pikabu_ru,bh,False,True,True,OpenCookieDatabase,third_party,False,0
pikabu_ru,_ym_uid,False,True,True,OpenCookieDatabase,third_party,False,0
pikabu_ru,_ym_d,False,True,True,OpenCookieDatabase,third_party,False,0
hurriyet_com_tr,FCCDCF,False,True,True,OpenCookieDatabase,first_party,False,0
hurriyet_com_tr,_ga,False,True,True,OpenCookieDatabase,first_party,False,0
hurriyet_com_tr,bh,False,True,True,OpenCookieDatabase,third_party,False,0
hurriyet_com_tr,_ym_uid,False,True,True,OpenCookieDatabase,first_party,False,0
hurriyet_com_tr,_ym_d,False,True,True,OpenCookieDatabase,first_party,False,0
hurriyet_com_tr,_ym_isad,False,True,True,OpenCookieDatabase,first_party,False,0
hurriyet_com_tr,bh,False,True,True,OpenCookieDatabase,third_party,False,0
hurriyet_com_tr,_ym_uid,False,True,True,OpenCookieDatabase,first_party,False,0
hurriyet_com_tr,yuidss,False,True,True,OpenCookieDatabase,third_party,False,0
hurriyet_com_tr,ymex,False,True,True,OpenCookieDatabase,third_party,False,0
hurriyet_com_tr,yandexuid,False,True,True,OpenCookieDatabase,third_party,False,0
hurriyet_com_tr,bh,False,True,True,OpenCookieDatabase,third_party,False,0
hurriyet_com_tr,yashr,False,True,True,OpenCookieDatabase,third_party,False,0
ign_com,_ga,False,True,True,OpenCookieDatabase,first_party,False,0
ign_com,FCCDCF,False,True,True,OpenCookieDatabase,first_party,False,0
wps_com,_ga,False,True,True,OpenCookieDatabase,first_party,False,0
trello_com,ajs_anonymous_id,False,True,True,OpenCookieDatabase,first_party,False,0
ntp_org,_ga,False,True,True,OpenCookieDatabase,first_party,False,0
google-analytics_com,_ga,False,True,True,OpenCookieDatabase,third_party,False,0
satta-king-fast_com,_ga,False,True,True,OpenCookieDatabase,first_party,False,0
satta-king-fast_com,FCCDCF,False,True,True,OpenCookieDatabase,first_party,False,0
wordpress_com,tk_qs,False,True,True,OpenCookieDatabase,first_party,False,0
futbol24_com,_ga,False,True,True,OpenCookieDatabase,first_party,False,0
futbol24_com,_gid,False,True,True,OpenCookieDatabase,first_party,False,0
rustore_ru,bh,False,True,True,OpenCookieDatabase,third_party,False,0
rustore_ru,_ym_uid,False,True,True,OpenCookieDatabase,first_party,False,0
rustore_ru,_ym_d,False,True,True,OpenCookieDatabase,first_party,False,0
rustore_ru,_ym_isad,False,True,True,OpenCookieDatabase,first_party,False,0
rustore_ru,yandexuid,False,True,True,OpenCookieDatabase,third_party,False,0
rustore_ru,yuidss,False,True,True,OpenCookieDatabase,third_party,False,0
rustore_ru,ymex,False,True,True,OpenCookieDatabase,third_party,False,0
rustore_ru,yandexuid,False,True,True,OpenCookieDatabase,third_party,False,0
rustore_ru,yuidss,False,True,True,OpenCookieDatabase,third_party,False,0
rustore_ru,bh,False,True,True,OpenCookieDatabase,third_party,False,0
zhihu_com,HMACCOUNT,False,True,True,OpenCookieDatabase,first_party,True,0
cmu_edu,_clck,False,True,True,OpenCookieDatabase,first_party,False,0
cmu_edu,_ga,False,True,True,OpenCookieDatabase,first_party,False,0
cmu_edu,_clsk,False,True,True,OpenCookieDatabase,first_party,False,0
index_hr,_ga,False,True,True,OpenCookieDatabase,first_party,False,0
index_hr,FCCDCF,False,True,True,OpenCookieDatabase,first_party,False,0
apple_com,s_fid,False,True,True,OpenCookieDatabase,first_party,False,0
apple_com,s_cc,False,True,True,OpenCookieDatabase,first_party,True,0
apple_com,s_vi,False,True,True,OpenCookieDatabase,first_party,False,0
roku_com,_ga,False,True,True,OpenCookieDatabase,first_party,False,0
roku_com,_gid,False,True,True,OpenCookieDatabase,first_party,False,0
ubnt_com,_ga,False,True,True,OpenCookieDatabase,third_party,False,0
ubnt_com,_gid,False,True,True,OpenCookieDatabase,third_party,False,0
loc_gov,s_cc,False,True,True,OpenCookieDatabase,first_party,True,0
freepornvideo_sex,_ga,False,True,True,OpenCookieDatabase,first_party,False,0
eepurl_com,_ga,False,True,True,OpenCookieDatabase,third_party,False,0
eepurl_com,FPID,False,True,True,OpenCookieDatabase,third_party,False,0
eepurl_com,FPLC,False,True,True,OpenCookieDatabase,third_party,False,0
ijavhd_com,_ga,False,True,True,OpenCookieDatabase,first_party,False,0
vietnam_vn,_ga,False,True,True,OpenCookieDatabase,first_party,False,0
vietnam_vn,_gid,False,True,True,OpenCookieDatabase,first_party,False,0
nasa_gov,_ga,False,True,True,OpenCookieDatabase,first_party,False,0
justice_gov,nmstat,False,True,True,OpenCookieDatabase,first_party,False,0
justice_gov,_ga,False,True,True,OpenCookieDatabase,first_party,False,0
youm7_com,_ga,False,True,True,OpenCookieDatabase,first_party,False,0
youm7_com,FCCDCF,False,True,True,OpenCookieDatabase,first_party,False,0
jiomart_com,_ga,False,True,True,OpenCookieDatabase,first_party,False,0
bakecaincontrii_com,_ga,False,True,True,OpenCookieDatabase,first_party,False,0
bakecaincontrii_com,_gid,False,True,True,OpenCookieDatabase,first_party,False,0
app_link,_s,False,True,True,OpenCookieDatabase,first_party,False,0
imgur_com,_gid,False,True,True,OpenCookieDatabase,first_party,False,0
imgur_com,_gat,False,True,True,OpenCookieDatabase,first_party,False,0
imgur_com,_ga,False,True,True,OpenCookieDatabase,first_party,False,0
imgur_com,FCCDCF,False,True,True,OpenCookieDatabase,first_party,False,0
dnsmadeeasy_com,_ga,False,True,True,OpenCookieDatabase,first_party,False,0
dnsmadeeasy_com,_gid,False,True,True,OpenCookieDatabase,first_party,False,0
icloud-content_com,s_fid,False,True,True,OpenCookieDatabase,third_party,False,0
icloud-content_com,s_cc,False,True,True,OpenCookieDatabase,third_party,True,0
icloud-content_com,s_vi,False,True,True,OpenCookieDatabase,third_party,False,0
onelink_me,_ga,False,True,True,OpenCookieDatabase,third_party,False,0
amocrm_ru,sbjs_migrations,False,True,True,OpenCookieDatabase,first_party,False,0
amocrm_ru,sbjs_current_add,False,True,True,OpenCookieDatabase,first_party,False,0
amocrm_ru,sbjs_first_add,False,True,True,OpenCookieDatabase,first_party,False,0
amocrm_ru,sbjs_current,False,True,True,OpenCookieDatabase,first_party,False,0
amocrm_ru,sbjs_first,False,True,True,OpenCookieDatabase,first_party,False,0
amocrm_ru,sbjs_udata,False,True,True,OpenCookieDatabase,first_party,False,0
amocrm_ru,sbjs_session,False,True,True,OpenCookieDatabase,first_party,False,0
amocrm_ru,_gid,False,True,True,OpenCookieDatabase,first_party,False,0
amocrm_ru,bh,False,True,True,OpenCookieDatabase,third_party,False,0
amocrm_ru,_ga,False,True,True,OpenCookieDatabase,first_party,False,0
amocrm_ru,_ym_uid,False,True,True,OpenCookieDatabase,first_party,False,0
amocrm_ru,_ym_d,False,True,True,OpenCookieDatabase,first_party,False,0
amocrm_ru,_ym_isad,False,True,True,OpenCookieDatabase,first_party,False,0
amocrm_ru,yandexuid,False,True,True,OpenCookieDatabase,third_party,False,0
amocrm_ru,yuidss,False,True,True,OpenCookieDatabase,third_party,False,0
amocrm_ru,ymex,False,True,True,OpenCookieDatabase,third_party,False,0
amocrm_ru,bh,False,True,True,OpenCookieDatabase,third_party,False,0
digitalocean_com,_ga,False,True,True,OpenCookieDatabase,first_party,False,0
digitalocean_com,ajs_anonymous_id,False,True,True,OpenCookieDatabase,first_party,False,0
maynoe_com,_ga,False,True,True,OpenCookieDatabase,first_party,False,0
tbank_ru,bh,False,True,True,OpenCookieDatabase,third_party,False,0
tbank_ru,yuidss,False,True,True,OpenCookieDatabase,third_party,False,0
tbank_ru,yandexuid,False,True,True,OpenCookieDatabase,third_party,False,0
tbank_ru,yashr,False,True,True,OpenCookieDatabase,third_party,False,0
tbank_ru,_ym_uid,False,True,True,OpenCookieDatabase,first_party,False,0
tbank_ru,_ym_d,False,True,True,OpenCookieDatabase,first_party,False,0
tbank_ru,_ym_isad,False,True,True,OpenCookieDatabase,first_party,False,0
tbank_ru,yandexuid,False,True,True,OpenCookieDatabase,third_party,False,0
tbank_ru,yuidss,False,True,True,OpenCookieDatabase,third_party,False,0
tbank_ru,ymex,False,True,True,OpenCookieDatabase,third_party,False,0
tbank_ru,bh,False,True,True,OpenCookieDatabase,third_party,False,0
pccc_com,_ga,False,True,True,OpenCookieDatabase,first_party,False,0
tinkoff_ru,bh,False,True,True,OpenCookieDatabase,third_party,False,0
tinkoff_ru,ymex,False,True,True,OpenCookieDatabase,third_party,False,0
tinkoff_ru,yuidss,False,True,True,OpenCookieDatabase,third_party,False,0
tinkoff_ru,yandexuid,False,True,True,OpenCookieDatabase,third_party,False,0
tinkoff_ru,yashr,False,True,True,OpenCookieDatabase,third_party,False,0
tinkoff_ru,_ym_uid,False,True,True,OpenCookieDatabase,third_party,False,0
tinkoff_ru,_ym_d,False,True,True,OpenCookieDatabase,third_party,False,0
tinkoff_ru,_ym_isad,False,True,True,OpenCookieDatabase,third_party,False,0
tinkoff_ru,yandexuid,False,True,True,OpenCookieDatabase,third_party,False,0
tinkoff_ru,yuidss,False,True,True,OpenCookieDatabase,third_party,False,0
tinkoff_ru,ymex,False,True,True,OpenCookieDatabase,third_party,False,0
tinkoff_ru,bh,False,True,True,OpenCookieDatabase,third_party,False,0
fao_org,_ga,False,True,True,OpenCookieDatabase,first_party,False,0
njuskalo_hr,_ga,False,True,True,OpenCookieDatabase,first_party,False,0
njuskalo_hr,pa_user,False,True,True,OpenCookieDatabase,first_party,False,0
jagran_com,FCCDCF,False,True,True,OpenCookieDatabase,first_party,False,0
jagran_com,_ga,False,True,True,OpenCookieDatabase,first_party,False,0
fortune_com,_ga,False,True,True,OpenCookieDatabase,first_party,False,0
fortune_com,__pat,False,True,True,OpenCookieDatabase,first_party,False,0
fortune_com,__pvi,False,True,True,OpenCookieDatabase,first_party,False,0
fortune_com,cX_P,False,True,True,OpenCookieDatabase,first_party,False,0
eenadu_net,_ga,False,True,True,OpenCookieDatabase,first_party,False,0
eenadu_net,FCCDCF,False,True,True,OpenCookieDatabase,first_party,False,0
pla3_com,bh,False,True,True,OpenCookieDatabase,third_party,False,0
pla3_com,_ym_uid,False,True,True,OpenCookieDatabase,first_party,False,0
pla3_com,_ym_d,False,True,True,OpenCookieDatabase,first_party,False,0
pla3_com,_ym_isad,False,True,True,OpenCookieDatabase,first_party,False,0
pla3_com,yandexuid,False,True,True,OpenCookieDatabase,third_party,False,0
pla3_com,yuidss,False,True,True,OpenCookieDatabase,third_party,False,0
pla3_com,ymex,False,True,True,OpenCookieDatabase,third_party,False,0
pla3_com,bh,False,True,True,OpenCookieDatabase,third_party,False,0
pla3_com,yandexuid,False,True,True,OpenCookieDatabase,third_party,False,0
pla3_com,yuidss,False,True,True,OpenCookieDatabase,third_party,False,0
cursor_sh,_ga,False,True,True,OpenCookieDatabase,third_party,False,0
jimdo_com,_ga,False,True,True,OpenCookieDatabase,first_party,False,0
segment_io,ajs_anonymous_id,False,True,True,OpenCookieDatabase,third_party,False,0
theatlantic_com,is_gdpr,False,True,True,OpenCookieDatabase,first_party,False,0
liteapks_com,_ga,False,True,True,OpenCookieDatabase,first_party,False,0
liteapks_com,_gid,False,True,True,OpenCookieDatabase,first_party,False,0
sinoptik_ua,_ga,False,True,True,OpenCookieDatabase,first_party,False,0
sinoptik_ua,FCCDCF,False,True,True,OpenCookieDatabase,first_party,False,0
haberler_com,_ga,False,True,True,OpenCookieDatabase,first_party,False,0
haberler_com,__gfp_64b,False,True,True,OpenCookieDatabase,first_party,False,0
haberler_com,compass_uid,False,True,True,OpenCookieDatabase,first_party,False,0
haberler_com,FCCDCF,False,True,True,OpenCookieDatabase,first_party,False,0
haberler_com,bh,False,True,True,OpenCookieDatabase,third_party,False,0
haberler_com,_ym_uid,False,True,True,OpenCookieDatabase,first_party,False,0
haberler_com,_ym_d,False,True,True,OpenCookieDatabase,first_party,False,0
haberler_com,_ym_isad,False,True,True,OpenCookieDatabase,first_party,False,0
haberler_com,yandexuid,False,True,True,OpenCookieDatabase,third_party,False,0
haberler_com,yuidss,False,True,True,OpenCookieDatabase,third_party,False,0
haberler_com,ymex,False,True,True,OpenCookieDatabase,third_party,False,0
haberler_com,bh,False,True,True,OpenCookieDatabase,third_party,False,0
haberler_com,yandexuid,False,True,True,OpenCookieDatabase,third_party,False,0
haberler_com,yuidss,False,True,True,OpenCookieDatabase,third_party,False,0
gamewith_jp,FCCDCF,False,True,True,OpenCookieDatabase,first_party,False,0
gamewith_jp,_ga,False,True,True,OpenCookieDatabase,first_party,False,0
gazzetta_it,FCCDCF,False,True,True,OpenCookieDatabase,first_party,False,0
gazzetta_it,s_fid,False,True,True,OpenCookieDatabase,first_party,True,0
gazzetta_it,s_tp,False,True,True,OpenCookieDatabase,first_party,True,0
gazzetta_it,s_ppv,False,True,True,OpenCookieDatabase,first_party,True,0
gazzetta_it,s_cc,False,True,True,OpenCookieDatabase,first_party,True,0
stanford_edu,nmstat,False,True,True,OpenCookieDatabase,first_party,False,0
stanford_edu,_ga,False,True,True,OpenCookieDatabase,first_party,False,0
stanford_edu,_gid,False,True,True,OpenCookieDatabase,first_party,False,0
aucey_com,bh,False,True,True,OpenCookieDatabase,third_party,False,0
aucey_com,_ym_uid,False,True,True,OpenCookieDatabase,first_party,False,0
aucey_com,_ym_d,False,True,True,OpenCookieDatabase,first_party,False,0
aucey_com,_ym_isad,False,True,True,OpenCookieDatabase,first_party,False,0
aucey_com,yandexuid,False,True,True,OpenCookieDatabase,third_party,False,0
aucey_com,yuidss,False,True,True,OpenCookieDatabase,third_party,False,0
aucey_com,ymex,False,True,True,OpenCookieDatabase,third_party,False,0
aucey_com,bh,False,True,True,OpenCookieDatabase,third_party,False,0
aucey_com,yandexuid,False,True,True,OpenCookieDatabase,third_party,False,0
aucey_com,yuidss,False,True,True,OpenCookieDatabase,third_party,False,0
gandi_net,atuserid,False,True,True,OpenCookieDatabase,first_party,False,0
princeton_edu,_ga,False,True,True,OpenCookieDatabase,first_party,False,0
xorgasmo_com,_ga,False,True,True,OpenCookieDatabase,first_party,False,0
promiedos_com_ar,_ga,False,True,True,OpenCookieDatabase,first_party,False,0
line_me,_ga,False,True,True,OpenCookieDatabase,first_party,False,0
sarkariresult_com_cm,_ga,False,True,True,OpenCookieDatabase,first_party,False,0
sarkariresult_com_cm,FCCDCF,False,True,True,OpenCookieDatabase,first_party,False,0
unpkg_com,_ga,False,True,True,OpenCookieDatabase,first_party,False,0
unpkg_com,_gid,False,True,True,OpenCookieDatabase,first_party,False,0
psu_edu,_ga,False,True,True,OpenCookieDatabase,first_party,False,0
twilio_com,ajs_anonymous_id,False,True,True,OpenCookieDatabase,first_party,False,0
bit_ly,sp,False,True,True,OpenCookieDatabase,third_party,False,0
turbo_az,_gid,False,True,True,OpenCookieDatabase,first_party,False,0
turbo_az,_gat,False,True,True,OpenCookieDatabase,first_party,False,0
turbo_az,_ga,False,True,True,OpenCookieDatabase,first_party,False,0
turbo_az,_ym_uid,False,True,True,OpenCookieDatabase,first_party,False,0
turbo_az,_ym_d,False,True,True,OpenCookieDatabase,first_party,False,0
turbo_az,ymex,False,True,True,OpenCookieDatabase,third_party,False,0
turbo_az,bh,False,True,True,OpenCookieDatabase,third_party,False,0
turbo_az,yandexuid,False,True,True,OpenCookieDatabase,third_party,False,0
turbo_az,yuidss,False,True,True,OpenCookieDatabase,third_party,False,0
turbo_az,_ym_isad,False,True,True,OpenCookieDatabase,first_party,False,0
turbo_az,bh,False,True,True,OpenCookieDatabase,third_party,False,0
turbo_az,yandexuid,False,True,True,OpenCookieDatabase,third_party,False,0
turbo_az,yuidss,False,True,True,OpenCookieDatabase,third_party,False,0
usatoday_com,_ga,False,True,True,OpenCookieDatabase,first_party,False,0
packzy_com,_ga,False,True,True,OpenCookieDatabase,first_party,False,0
packzy_com,_gid,False,True,True,OpenCookieDatabase,first_party,False,0
packzy_com,_gat,False,True,True,OpenCookieDatabase,first_party,False,0
pornhat_com,_ga,False,True,True,OpenCookieDatabase,first_party,False,0
game8_jp,_ga,False,True,True,OpenCookieDatabase,first_party,False,0
game8_jp,_gid,False,True,True,OpenCookieDatabase,first_party,False,0
game8_jp,FCCDCF,False,True,True,OpenCookieDatabase,first_party,False,0
testbook_com,sbjs_migrations,False,True,True,OpenCookieDatabase,first_party,False,0
testbook_com,sbjs_current_add,False,True,True,OpenCookieDatabase,first_party,False,0
testbook_com,sbjs_first_add,False,True,True,OpenCookieDatabase,first_party,False,0
testbook_com,sbjs_current,False,True,True,OpenCookieDatabase,first_party,False,0
testbook_com,sbjs_first,False,True,True,OpenCookieDatabase,first_party,False,0
testbook_com,sbjs_udata,False,True,True,OpenCookieDatabase,first_party,False,0
testbook_com,sbjs_session,False,True,True,OpenCookieDatabase,first_party,False,0
testbook_com,_ga,False,True,True,OpenCookieDatabase,first_party,False,0
adtrafficquality_google,_ga,False,True,True,OpenCookieDatabase,third_party,False,0
googleblog_com,_ga,False,True,True,OpenCookieDatabase,third_party,False,0
wpguardian_io,_ga,False,True,True,OpenCookieDatabase,third_party,False,0
wpguardian_io,_clck,False,True,True,OpenCookieDatabase,third_party,False,0
wpguardian_io,_clsk,False,True,True,OpenCookieDatabase,third_party,False,0
typing_com,_gid,False,True,True,OpenCookieDatabase,first_party,False,0
typing_com,_ga,False,True,True,OpenCookieDatabase,first_party,False,0
typing_com,ki_t,False,True,True,OpenCookieDatabase,first_party,False,0
typing_com,ki_r,False,True,True,OpenCookieDatabase,first_party,False,0
focus_de,sp,False,True,True,OpenCookieDatabase,first_party,False,0
onesignal_com,_vwo_sn,False,True,True,OpenCookieDatabase,first_party,False,0
onesignal_com,_vwo_ds,False,True,True,OpenCookieDatabase,first_party,False,0
onesignal_com,_biz_uid,False,True,True,OpenCookieDatabase,first_party,False,0
onesignal_com,_biz_nA,False,True,True,OpenCookieDatabase,first_party,False,0
onesignal_com,_biz_flagsA,False,True,True,OpenCookieDatabase,first_party,False,0
onesignal_com,_biz_pendingA,False,True,True,OpenCookieDatabase,first_party,False,0
cookpad_com,_ga,False,True,True,OpenCookieDatabase,first_party,True,0
jwplayer_com,_ga,False,True,True,OpenCookieDatabase,third_party,False,0
youjizz_com,_gid,False,True,True,OpenCookieDatabase,first_party,False,0
youjizz_com,_gat,False,True,True,OpenCookieDatabase,first_party,False,0
youjizz_com,_ga,False,True,True,OpenCookieDatabase,first_party,False,0
terra_com_br,FCCDCF,False,True,True,OpenCookieDatabase,first_party,False,0
terra_com_br,_ga,False,True,True,OpenCookieDatabase,first_party,False,0
bing_com,MicrosoftApplicationsTelemetryDeviceId,False,True,True,OpenCookieDatabase,first_party,False,0
bing_com,SM,False,True,True,OpenCookieDatabase,third_party,True,0
ipinfo_io,_ga,False,True,True,OpenCookieDatabase,first_party,False,0
deviantart_com,td,False,True,True,OpenCookieDatabase,first_party,True,0
girlschannel_net,_ga,False,True,True,OpenCookieDatabase,first_party,False,0
jino_ru,bh,False,True,True,OpenCookieDatabase,third_party,False,0
jino_ru,_ym_uid,False,True,True,OpenCookieDatabase,first_party,False,0
jino_ru,_ym_d,False,True,True,OpenCookieDatabase,first_party,False,0
jino_ru,_ym_isad,False,True,True,OpenCookieDatabase,first_party,False,0
jino_ru,yandexuid,False,True,True,OpenCookieDatabase,third_party,False,0
jino_ru,yuidss,False,True,True,OpenCookieDatabase,third_party,False,0
jino_ru,ymex,False,True,True,OpenCookieDatabase,third_party,False,0
jino_ru,yandexuid,False,True,True,OpenCookieDatabase,third_party,False,0
jino_ru,yuidss,False,True,True,OpenCookieDatabase,third_party,False,0
jino_ru,bh,False,True,True,OpenCookieDatabase,third_party,False,0
euronews_com,s_cc,False,True,True,OpenCookieDatabase,first_party,True,0
bitdefender_com,_biz_uid,False,True,True,OpenCookieDatabase,first_party,False,0
bitdefender_com,_biz_nA,False,True,True,OpenCookieDatabase,first_party,False,0
bitdefender_com,_ga,False,True,True,OpenCookieDatabase,first_party,False,0
bitdefender_com,_biz_pendingA,False,True,True,OpenCookieDatabase,first_party,False,0
bitdefender_com,_biz_flagsA,False,True,True,OpenCookieDatabase,first_party,False,0
bitdefender_com,_clck,False,True,True,OpenCookieDatabase,first_party,False,0
bitdefender_com,_clsk,False,True,True,OpenCookieDatabase,first_party,False,0
bidmachine_io,_ga,False,True,True,OpenCookieDatabase,third_party,False,0
eu_com,_ga,False,True,True,OpenCookieDatabase,first_party,False,0
chaturbate_com,_ga,False,True,True,OpenCookieDatabase,first_party,False,0
eset_com,_ga,False,True,True,OpenCookieDatabase,first_party,False,0
instructure_com,_ga,False,True,True,OpenCookieDatabase,first_party,False,0
instructure_com,_ga,False,True,True,OpenCookieDatabase,third_party,False,0
themeisle_com,_ga,False,True,True,OpenCookieDatabase,first_party,False,0
themeisle_com,FPID,False,True,True,OpenCookieDatabase,first_party,False,0
themeisle_com,FPLC,False,True,True,OpenCookieDatabase,first_party,False,0
huawei_com,_ga,False,True,True,OpenCookieDatabase,first_party,False,0
hostgator_com_br,_ga,False,True,True,OpenCookieDatabase,first_party,False,0
hostgator_com_br,FPID,False,True,True,OpenCookieDatabase,first_party,False,0
hostgator_com_br,FPLC,False,True,True,OpenCookieDatabase,first_party,False,0
netkeiba_com,FCCDCF,False,True,True,OpenCookieDatabase,first_party,False,0
netkeiba_com,_gid,False,True,True,OpenCookieDatabase,first_party,False,0
netkeiba_com,_ga,False,True,True,OpenCookieDatabase,first_party,False,0
sexvid_pro,_ga,False,True,True,OpenCookieDatabase,first_party,False,0
sexvid_pro,_gid,False,True,True,OpenCookieDatabase,first_party,False,0
sexvid_pro,bh,False,True,True,OpenCookieDatabase,third_party,False,0
sexvid_pro,_ym_uid,False,True,True,OpenCookieDatabase,first_party,False,0
sexvid_pro,_ym_d,False,True,True,OpenCookieDatabase,first_party,False,0
sexvid_pro,_ym_isad,False,True,True,OpenCookieDatabase,first_party,False,0
sexvid_pro,yandexuid,False,True,True,OpenCookieDatabase,third_party,False,0
sexvid_pro,yuidss,False,True,True,OpenCookieDatabase,third_party,False,0
sexvid_pro,ymex,False,True,True,OpenCookieDatabase,third_party,False,0
sexvid_pro,bh,False,True,True,OpenCookieDatabase,third_party,False,0
sexvid_pro,yandexuid,False,True,True,OpenCookieDatabase,third_party,False,0
sexvid_pro,yuidss,False,True,True,OpenCookieDatabase,third_party,False,0
independent_co_uk,s_cc,False,True,True,OpenCookieDatabase,first_party,True,0
imgsmail_ru,_ga,False,True,True,OpenCookieDatabase,third_party,False,0
imgsmail_ru,bh,False,True,True,OpenCookieDatabase,third_party,False,0
imgsmail_ru,yuidss,False,True,True,OpenCookieDatabase,third_party,False,0
imgsmail_ru,is_gdpr,False,True,True,OpenCookieDatabase,third_party,False,0
imgsmail_ru,is_gdpr_b,False,True,True,OpenCookieDatabase,third_party,False,0
imgsmail_ru,yandexuid,False,True,True,OpenCookieDatabase,third_party,False,0
imgsmail_ru,yashr,False,True,True,OpenCookieDatabase,third_party,False,0
imgsmail_ru,bh,False,True,True,OpenCookieDatabase,third_party,False,0
imgsmail_ru,_ym_uid,False,True,True,OpenCookieDatabase,third_party,False,0
imgsmail_ru,_ym_d,False,True,True,OpenCookieDatabase,third_party,False,0
imgsmail_ru,_ym_isad,False,True,True,OpenCookieDatabase,third_party,False,0
imgsmail_ru,yandexuid,False,True,True,OpenCookieDatabase,third_party,False,0
imgsmail_ru,yuidss,False,True,True,OpenCookieDatabase,third_party,False,0
imgsmail_ru,ymex,False,True,True,OpenCookieDatabase,third_party,False,0
imgsmail_ru,bh,False,True,True,OpenCookieDatabase,third_party,False,0
blic_rs,__pat,False,True,True,OpenCookieDatabase,first_party,False,0
blic_rs,__pvi,False,True,True,OpenCookieDatabase,first_party,False,0
blic_rs,__gfp_64b,False,True,True,OpenCookieDatabase,first_party,False,0
blic_rs,cX_P,False,True,True,OpenCookieDatabase,first_party,False,0
momon-ga_com,_ga,False,True,True,OpenCookieDatabase,first_party,False,0
statuspage_io,ajs_anonymous_id,False,True,True,OpenCookieDatabase,third_party,False,0
azure_net,MicrosoftApplicationsTelemetryDeviceId,False,True,True,OpenCookieDatabase,third_party,False,0
businessinsider_com,_ga,False,True,True,OpenCookieDatabase,first_party,False,0
kaspersky_com,bh,False,True,True,OpenCookieDatabase,third_party,False,0
kaspersky_com,_ga,False,True,True,OpenCookieDatabase,first_party,False,0
kaspersky_com,FPID,False,True,True,OpenCookieDatabase,first_party,False,0
kaspersky_com,FPLC,False,True,True,OpenCookieDatabase,first_party,False,0
kaspersky_com,_ym_uid,False,True,True,OpenCookieDatabase,first_party,False,0
kaspersky_com,_ym_d,False,True,True,OpenCookieDatabase,first_party,False,0
kaspersky_com,_ym_isad,False,True,True,OpenCookieDatabase,first_party,False,0
kaspersky_com,bh,False,True,True,OpenCookieDatabase,third_party,False,0
funpay_com,bh,False,True,True,OpenCookieDatabase,third_party,False,0
infobae_com,compass_uid,False,True,True,OpenCookieDatabase,first_party,False,0
infobae_com,_gid,False,True,True,OpenCookieDatabase,first_party,False,0
infobae_com,_gat,False,True,True,OpenCookieDatabase,first_party,False,0
infobae_com,_ga,False,True,True,OpenCookieDatabase,first_party,False,0
infobae_com,FCCDCF,False,True,True,OpenCookieDatabase,first_party,False,0
akismet_com,tk_qs,False,True,True,OpenCookieDatabase,first_party,False,0
polybuzz_ai,_ga,False,True,True,OpenCookieDatabase,first_party,False,0
polybuzz_ai,FCCDCF,False,True,True,OpenCookieDatabase,first_party,False,0
weathernews_jp,_ga,False,True,True,OpenCookieDatabase,first_party,False,0
weathernews_jp,_gid,False,True,True,OpenCookieDatabase,first_party,False,0
weathernews_jp,FCCDCF,False,True,True,OpenCookieDatabase,first_party,False,0
like_video,bh,False,True,True,OpenCookieDatabase,third_party,False,0
like_video,_ym_uid,False,True,True,OpenCookieDatabase,third_party,False,0
like_video,_ym_d,False,True,True,OpenCookieDatabase,third_party,False,0
like_video,_ym_isad,False,True,True,OpenCookieDatabase,third_party,False,0
like_video,yandexuid,False,True,True,OpenCookieDatabase,third_party,False,0
like_video,yuidss,False,True,True,OpenCookieDatabase,third_party,False,0
like_video,ymex,False,True,True,OpenCookieDatabase,third_party,False,0
like_video,bh,False,True,True,OpenCookieDatabase,third_party,False,0
like_video,yandexuid,False,True,True,OpenCookieDatabase,third_party,False,0
like_video,yuidss,False,True,True,OpenCookieDatabase,third_party,False,0
dyndns_org,s_tp,False,True,True,OpenCookieDatabase,third_party,True,0
dyndns_org,s_ppv,False,True,True,OpenCookieDatabase,third_party,True,0
dyndns_org,s_cc,False,True,True,OpenCookieDatabase,third_party,True,0
pornone_com,_ga,False,True,True,OpenCookieDatabase,first_party,False,0
wikipedia_org,WMF-Last-Access,False,True,True,OpenCookieDatabase,first_party,False,0
wikipedia_org,GeoIP,False,True,True,OpenCookieDatabase,first_party,True,0
wikipedia_org,WMF-Last-Access,False,True,True,OpenCookieDatabase,first_party,False,0
irs_gov,_ga,False,True,True,OpenCookieDatabase,first_party,False,0
yale_edu,nmstat,False,True,True,OpenCookieDatabase,first_party,False,0
yale_edu,_ga,False,True,True,OpenCookieDatabase,first_party,False,0
yale_edu,_ga,False,True,True,OpenCookieDatabase,first_party,False,0
yale_edu,_gid,False,True,True,OpenCookieDatabase,first_party,False,0
videy_co,_ga,False,True,True,OpenCookieDatabase,first_party,False,0
fontawesome_com,_ga,False,True,True,OpenCookieDatabase,first_party,False,0
fontawesome_com,vuid,False,True,True,OpenCookieDatabase,third_party,False,0
prom_ua,_ga,False,True,True,OpenCookieDatabase,first_party,False,0
gumgum_com,_ga,False,True,True,OpenCookieDatabase,first_party,False,0
adroll_com,ajs_anonymous_id,False,True,True,OpenCookieDatabase,first_party,False,0
adroll_com,_cs_c,False,True,True,OpenCookieDatabase,first_party,False,0
adroll_com,_cs_id,False,True,True,OpenCookieDatabase,first_party,False,0
adroll_com,_cs_s,False,True,True,OpenCookieDatabase,first_party,False,0
gdz_ru,yandexuid,False,True,True,OpenCookieDatabase,third_party,False,0
gdz_ru,yashr,False,True,True,OpenCookieDatabase,third_party,False,0
gdz_ru,bh,False,True,True,OpenCookieDatabase,third_party,False,0
gdz_ru,_ym_uid,False,True,True,OpenCookieDatabase,first_party,False,0
gdz_ru,_ym_d,False,True,True,OpenCookieDatabase,first_party,False,0
gdz_ru,fid,False,True,True,OpenCookieDatabase,first_party,False,0
gdz_ru,_ym_isad,False,True,True,OpenCookieDatabase,first_party,False,0
gdz_ru,yandexuid,False,True,True,OpenCookieDatabase,third_party,False,0
gdz_ru,yuidss,False,True,True,OpenCookieDatabase,third_party,False,0
gdz_ru,ymex,False,True,True,OpenCookieDatabase,third_party,False,0
gdz_ru,yuidss,False,True,True,OpenCookieDatabase,third_party,False,0
gdz_ru,bh,False,True,True,OpenCookieDatabase,third_party,False,0
consultant_ru,bh,False,True,True,OpenCookieDatabase,third_party,False,0
consultant_ru,_ym_uid,False,True,True,OpenCookieDatabase,first_party,False,0
consultant_ru,_ym_d,False,True,True,OpenCookieDatabase,first_party,False,0
consultant_ru,_ym_isad,False,True,True,OpenCookieDatabase,first_party,False,0
consultant_ru,yandexuid,False,True,True,OpenCookieDatabase,third_party,False,0
consultant_ru,yuidss,False,True,True,OpenCookieDatabase,third_party,False,0
consultant_ru,ymex,False,True,True,OpenCookieDatabase,third_party,False,0
consultant_ru,yandexuid,False,True,True,OpenCookieDatabase,third_party,False,0
consultant_ru,yuidss,False,True,True,OpenCookieDatabase,third_party,False,0
consultant_ru,bh,False,True,True,OpenCookieDatabase,third_party,False,0
wikihow_com,_gid,False,True,True,OpenCookieDatabase,first_party,False,0
wikihow_com,_gat,False,True,True,OpenCookieDatabase,first_party,False,0
wikihow_com,FCCDCF,False,True,True,OpenCookieDatabase,first_party,False,0
wikihow_com,_ga,False,True,True,OpenCookieDatabase,first_party,False,0
tjk_org,_ga,False,True,True,OpenCookieDatabase,first_party,False,0
tjk_org,_gid,False,True,True,OpenCookieDatabase,first_party,False,0
namu_wiki,FCCDCF,False,True,True,OpenCookieDatabase,first_party,False,0
trendyol_com,_ga,False,True,True,OpenCookieDatabase,first_party,False,0
yomiuri_co_jp,FCCDCF,False,True,True,OpenCookieDatabase,first_party,False,0
yomiuri_co_jp,_ga,False,True,True,OpenCookieDatabase,first_party,False,0
sexvid_xxx,_ga,False,True,True,OpenCookieDatabase,first_party,False,0
sexvid_xxx,_gid,False,True,True,OpenCookieDatabase,first_party,False,0
sexvid_xxx,bh,False,True,True,OpenCookieDatabase,third_party,False,0
sexvid_xxx,_ym_uid,False,True,True,OpenCookieDatabase,first_party,False,0
sexvid_xxx,_ym_d,False,True,True,OpenCookieDatabase,first_party,False,0
sexvid_xxx,_ym_isad,False,True,True,OpenCookieDatabase,first_party,False,0
sexvid_xxx,yandexuid,False,True,True,OpenCookieDatabase,third_party,False,0
sexvid_xxx,yuidss,False,True,True,OpenCookieDatabase,third_party,False,0
sexvid_xxx,ymex,False,True,True,OpenCookieDatabase,third_party,False,0
sexvid_xxx,bh,False,True,True,OpenCookieDatabase,third_party,False,0
sexvid_xxx,yandexuid,False,True,True,OpenCookieDatabase,third_party,False,0
sexvid_xxx,yuidss,False,True,True,OpenCookieDatabase,third_party,False,0
mobcup_fm,FCCDCF,False,True,True,OpenCookieDatabase,first_party,False,0
ok_ru,bh,False,True,True,OpenCookieDatabase,third_party,False,0
ok_ru,_ym_uid,False,True,True,OpenCookieDatabase,first_party,False,0
ok_ru,_ym_d,False,True,True,OpenCookieDatabase,first_party,False,0
ok_ru,_ga,False,True,True,OpenCookieDatabase,first_party,False,0
ok_ru,_gid,False,True,True,OpenCookieDatabase,first_party,False,0
ok_ru,_ym_isad,False,True,True,OpenCookieDatabase,first_party,False,0
ok_ru,yandexuid,False,True,True,OpenCookieDatabase,third_party,False,0
ok_ru,yuidss,False,True,True,OpenCookieDatabase,third_party,False,0
ok_ru,ymex,False,True,True,OpenCookieDatabase,third_party,False,0
ok_ru,yandexuid,False,True,True,OpenCookieDatabase,third_party,False,0
ok_ru,yashr,False,True,True,OpenCookieDatabase,third_party,False,0
ok_ru,yuidss,False,True,True,OpenCookieDatabase,third_party,False,0
ok_ru,bh,False,True,True,OpenCookieDatabase,third_party,False,0
myinstants_com,_ga,False,True,True,OpenCookieDatabase,first_party,False,0
myinstants_com,FCCDCF,False,True,True,OpenCookieDatabase,first_party,False,0
epa_gov,_ga,False,True,True,OpenCookieDatabase,first_party,False,0
newsweek_com,_vfa,False,True,True,OpenCookieDatabase,first_party,False,0
newsweek_com,_vfz,False,True,True,OpenCookieDatabase,first_party,False,0
newsweek_com,_vfb,False,True,True,OpenCookieDatabase,first_party,False,0
newsweek_com,__pat,False,True,True,OpenCookieDatabase,first_party,False,0
newsweek_com,__pvi,False,True,True,OpenCookieDatabase,first_party,False,0
newsweek_com,cX_P,False,True,True,OpenCookieDatabase,first_party,False,0
giphy_com,_ga,False,True,True,OpenCookieDatabase,first_party,False,0
goal7_co,_ga,False,True,True,OpenCookieDatabase,first_party,False,0
matterport_com,_vwo_sn,False,True,True,OpenCookieDatabase,first_party,False,0
matterport_com,_vwo_ds,False,True,True,OpenCookieDatabase,first_party,False,0
matterport_com,ajs_anonymous_id,False,True,True,OpenCookieDatabase,first_party,False,0
ui_com,_ga,False,True,True,OpenCookieDatabase,first_party,False,0
ui_com,_gid,False,True,True,OpenCookieDatabase,first_party,False,0
rustdesk_com,_ga,False,True,True,OpenCookieDatabase,first_party,False,0
sonobi_com,_ga,False,True,True,OpenCookieDatabase,first_party,False,0
go_com,s_cc,False,True,True,OpenCookieDatabase,first_party,True,0
skelbiu_lt,_ga,False,True,True,OpenCookieDatabase,first_party,False,0
uol_com_br,FCCDCF,False,True,True,OpenCookieDatabase,first_party,False,0
uol_com_br,__pat,False,True,True,OpenCookieDatabase,first_party,False,0
uol_com_br,__pvi,False,True,True,OpenCookieDatabase,first_party,False,0
uol_com_br,cX_P,False,True,True,OpenCookieDatabase,first_party,False,0
uol_com_br,_ga,False,True,True,OpenCookieDatabase,first_party,False,0
uol_com_br,_gid,False,True,True,OpenCookieDatabase,first_party,False,0
rapid7_com,_vwo_sn,False,True,True,OpenCookieDatabase,first_party,False,0
rapid7_com,_vwo_ds,False,True,True,OpenCookieDatabase,first_party,False,0
twpornstars_com,_ga,False,True,True,OpenCookieDatabase,first_party,False,0
abc_es,FCCDCF,False,True,True,OpenCookieDatabase,first_party,False,0
abc_es,FCNEC,False,True,True,OpenCookieDatabase,first_party,False,0
ak2yy_com,bh,False,True,True,OpenCookieDatabase,third_party,False,0
ak2yy_com,_ym_uid,False,True,True,OpenCookieDatabase,first_party,False,0
ak2yy_com,_ym_d,False,True,True,OpenCookieDatabase,first_party,False,0
ak2yy_com,_ym_isad,False,True,True,OpenCookieDatabase,first_party,False,0
ak2yy_com,yandexuid,False,True,True,OpenCookieDatabase,third_party,False,0
ak2yy_com,yuidss,False,True,True,OpenCookieDatabase,third_party,False,0
ak2yy_com,ymex,False,True,True,OpenCookieDatabase,third_party,False,0
ak2yy_com,bh,False,True,True,OpenCookieDatabase,third_party,False,0
ak2yy_com,yandexuid,False,True,True,OpenCookieDatabase,third_party,False,0
ak2yy_com,yuidss,False,True,True,OpenCookieDatabase,third_party,False,0
darkero_com,_ga,False,True,True,OpenCookieDatabase,first_party,False,0
zdnet_com,FCCDCF,False,True,True,OpenCookieDatabase,first_party,False,0
fc2_com,__utma,False,True,True,OpenCookieDatabase,first_party,False,0
fc2_com,__utmc,False,True,True,OpenCookieDatabase,first_party,True,0
fc2_com,__utmz,False,True,True,OpenCookieDatabase,first_party,False,0
fc2_com,__utmt,False,True,True,OpenCookieDatabase,first_party,False,0
fc2_com,__utmb,False,True,True,OpenCookieDatabase,first_party,False,0
autoplius_lt,_ga,False,True,True,OpenCookieDatabase,first_party,False,0
autoplius_lt,FCCDCF,False,True,True,OpenCookieDatabase,first_party,False,0
abc_net_au,sp,False,True,True,OpenCookieDatabase,first_party,False,0
zebawy_com,_ga,False,True,True,OpenCookieDatabase,first_party,False,0
wiktionary_org,WMF-Last-Access,False,True,True,OpenCookieDatabase,first_party,False,0
wiktionary_org,GeoIP,False,True,True,OpenCookieDatabase,first_party,True,0
wiktionary_org,WMF-Last-Access,False,True,True,OpenCookieDatabase,first_party,False,0
ixxx_com,_ga,False,True,True,OpenCookieDatabase,first_party,False,0
viber_com,_ga,False,True,True,OpenCookieDatabase,first_party,False,0
nu_nl,cX_P,False,True,True,OpenCookieDatabase,first_party,False,0
nu_nl,_vwo_sn,False,True,True,OpenCookieDatabase,first_party,False,0
nu_nl,_vwo_ds,False,True,True,OpenCookieDatabase,first_party,False,0
nu_nl,sp,False,True,True,OpenCookieDatabase,third_party,False,0
nu_nl,_cs_c,False,True,True,OpenCookieDatabase,first_party,False,0
nu_nl,_cs_id,False,True,True,OpenCookieDatabase,first_party,False,0
nu_nl,_cs_s,False,True,True,OpenCookieDatabase,first_party,False,0
thisvid_com,_ga,False,True,True,OpenCookieDatabase,first_party,False,0
thisvid_com,bh,False,True,True,OpenCookieDatabase,third_party,False,0
thisvid_com,_ym_uid,False,True,True,OpenCookieDatabase,first_party,False,0
thisvid_com,_ym_d,False,True,True,OpenCookieDatabase,first_party,False,0
thisvid_com,_ym_isad,False,True,True,OpenCookieDatabase,first_party,False,0
thisvid_com,yandexuid,False,True,True,OpenCookieDatabase,third_party,False,0
thisvid_com,yuidss,False,True,True,OpenCookieDatabase,third_party,False,0
thisvid_com,ymex,False,True,True,OpenCookieDatabase,third_party,False,0
thisvid_com,bh,False,True,True,OpenCookieDatabase,third_party,False,0
thisvid_com,yandexuid,False,True,True,OpenCookieDatabase,third_party,False,0
thisvid_com,yuidss,False,True,True,OpenCookieDatabase,third_party,False,0
loteriadehoy_com,_ga,False,True,True,OpenCookieDatabase,first_party,False,0
trendmicro_com,_ga,False,True,True,OpenCookieDatabase,first_party,False,0
protothema_gr,_ga,False,True,True,OpenCookieDatabase,first_party,False,0
mechacomic_jp,_ga,False,True,True,OpenCookieDatabase,first_party,False,0
mechacomic_jp,_gid,False,True,True,OpenCookieDatabase,first_party,False,0
figma_com,ajs_anonymous_id,False,True,True,OpenCookieDatabase,first_party,False,0
labs_google,_ga,False,True,True,OpenCookieDatabase,first_party,False,0
vice_com,_ga,False,True,True,OpenCookieDatabase,first_party,False,0
vice_com,FCCDCF,False,True,True,OpenCookieDatabase,first_party,False,0
automattic_com,tk_qs,False,True,True,OpenCookieDatabase,first_party,False,0
betway_co_za,_ga,False,True,True,OpenCookieDatabase,first_party,False,0
betway_co_za,_gid,False,True,True,OpenCookieDatabase,first_party,False,0
ad_nl,_ga,False,True,True,OpenCookieDatabase,first_party,False,0
ad_nl,sp,False,True,True,OpenCookieDatabase,third_party,False,0
moe_video,bh,False,True,True,OpenCookieDatabase,third_party,False,0
moe_video,_ym_uid,False,True,True,OpenCookieDatabase,first_party,False,0
moe_video,_ym_d,False,True,True,OpenCookieDatabase,first_party,False,0
moe_video,_ym_isad,False,True,True,OpenCookieDatabase,first_party,False,0
moe_video,yandexuid,False,True,True,OpenCookieDatabase,third_party,False,0
moe_video,yuidss,False,True,True,OpenCookieDatabase,third_party,False,0
moe_video,ymex,False,True,True,OpenCookieDatabase,third_party,False,0
moe_video,bh,False,True,True,OpenCookieDatabase,third_party,False,0
moe_video,yandexuid,False,True,True,OpenCookieDatabase,third_party,False,0
moe_video,yuidss,False,True,True,OpenCookieDatabase,third_party,False,0
croxyproxy_com,_ga,False,True,True,OpenCookieDatabase,first_party,False,0
croxyproxy_com,FCCDCF,False,True,True,OpenCookieDatabase,first_party,False,0
typeform_com,ajs_anonymous_id,False,True,True,OpenCookieDatabase,first_party,False,0
weforum_org,_vwo_sn,False,True,True,OpenCookieDatabase,first_party,False,0
weforum_org,_vwo_ds,False,True,True,OpenCookieDatabase,first_party,False,0
dribbble_com,_ga,False,True,True,OpenCookieDatabase,first_party,False,0
clever_com,_ga,False,True,True,OpenCookieDatabase,first_party,False,0
smartthings_com,_ga,False,True,True,OpenCookieDatabase,third_party,True,0
tenor_com,_gid,False,True,True,OpenCookieDatabase,first_party,False,0
tenor_com,_ga,False,True,True,OpenCookieDatabase,first_party,False,0
tenor_com,_gat,False,True,True,OpenCookieDatabase,first_party,False,0
mediafire_com,_ga,False,True,True,OpenCookieDatabase,first_party,False,0
mediafire_com,_gid,False,True,True,OpenCookieDatabase,first_party,False,0
gcash_com,_ga,False,True,True,OpenCookieDatabase,first_party,False,0
gcash_com,_gid,False,True,True,OpenCookieDatabase,first_party,False,0
appsflyer_com,_ga,False,True,True,OpenCookieDatabase,first_party,False,0
qorno_com,_ga,False,True,True,OpenCookieDatabase,first_party,False,0
sciencedaily_com,_ga,False,True,True,OpenCookieDatabase,first_party,False,0
alphonso_tv,_ga,False,True,True,OpenCookieDatabase,first_party,False,0
alphonso_tv,_gid,False,True,True,OpenCookieDatabase,first_party,False,0
alphonso_tv,ajs_anonymous_id,False,True,True,OpenCookieDatabase,first_party,False,0
pushy_io,_ga,False,True,True,OpenCookieDatabase,third_party,False,0
pushy_io,_gid,False,True,True,OpenCookieDatabase,third_party,False,0
pushy_io,_gat,False,True,True,OpenCookieDatabase,third_party,False,0
unesco_org,_ga,False,True,True,OpenCookieDatabase,first_party,False,0
airbnb_com,_ga,False,True,True,OpenCookieDatabase,first_party,False,0
airbnb_com,FPID,False,True,True,OpenCookieDatabase,first_party,False,0
airbnb_com,FPLC,False,True,True,OpenCookieDatabase,first_party,False,0
uchicago_edu,nmstat,False,True,True,OpenCookieDatabase,first_party,False,0
uchicago_edu,_ga,False,True,True,OpenCookieDatabase,first_party,False,0
uchicago_edu,_gid,False,True,True,OpenCookieDatabase,first_party,False,0
fastdl_app,_ga,False,True,True,OpenCookieDatabase,first_party,False,0
fastdl_app,FCCDCF,False,True,True,OpenCookieDatabase,first_party,False,0
canada_ca,s_tp,False,True,True,OpenCookieDatabase,first_party,True,0
canada_ca,s_ppv,False,True,True,OpenCookieDatabase,first_party,True,0
canada_ca,s_cc,False,True,True,OpenCookieDatabase,first_party,True,0
wordpress_org,_ga,False,True,True,OpenCookieDatabase,first_party,False,0
xxxhindi_to,_ga,False,True,True,OpenCookieDatabase,first_party,False,0
zeit_de,__pat,False,True,True,OpenCookieDatabase,first_party,False,0
zeit_de,__pvi,False,True,True,OpenCookieDatabase,first_party,False,0
zeit_de,cX_P,False,True,True,OpenCookieDatabase,first_party,False,0
drom_ru,_ga,False,True,True,OpenCookieDatabase,first_party,False,0
staseraintv_com,_ga,False,True,True,OpenCookieDatabase,first_party,False,0
staseraintv_com,_gid,False,True,True,OpenCookieDatabase,first_party,False,0
staseraintv_com,_gat,False,True,True,OpenCookieDatabase,first_party,False,0
staseraintv_com,FCCDCF,False,True,True,OpenCookieDatabase,first_party,False,0
gdemoideti_ru,bh,False,True,True,OpenCookieDatabase,third_party,False,0
gdemoideti_ru,_ym_uid,False,True,True,OpenCookieDatabase,first_party,False,0
gdemoideti_ru,_ym_d,False,True,True,OpenCookieDatabase,first_party,False,0
gdemoideti_ru,_ym_isad,False,True,True,OpenCookieDatabase,first_party,False,0
gdemoideti_ru,yandexuid,False,True,True,OpenCookieDatabase,third_party,False,0
gdemoideti_ru,yuidss,False,True,True,OpenCookieDatabase,third_party,False,0
gdemoideti_ru,ymex,False,True,True,OpenCookieDatabase,third_party,False,0
gdemoideti_ru,bh,False,True,True,OpenCookieDatabase,third_party,False,0
gdemoideti_ru,yandexuid,False,True,True,OpenCookieDatabase,third_party,False,0
gdemoideti_ru,yuidss,False,True,True,OpenCookieDatabase,third_party,False,0
beget_com,bh,False,True,True,OpenCookieDatabase,third_party,False,0
beget_com,_ym_uid,False,True,True,OpenCookieDatabase,first_party,False,0
beget_com,_ym_d,False,True,True,OpenCookieDatabase,first_party,False,0
beget_com,_ym_isad,False,True,True,OpenCookieDatabase,first_party,False,0
beget_com,_ga,False,True,True,OpenCookieDatabase,first_party,False,0
beget_com,FPID,False,True,True,OpenCookieDatabase,first_party,False,0
beget_com,FPLC,False,True,True,OpenCookieDatabase,first_party,False,0
beget_com,yandexuid,False,True,True,OpenCookieDatabase,third_party,False,0
beget_com,yuidss,False,True,True,OpenCookieDatabase,third_party,False,0
beget_com,ymex,False,True,True,OpenCookieDatabase,third_party,False,0
beget_com,bh,False,True,True,OpenCookieDatabase,third_party,False,0
beget_com,yandexuid,False,True,True,OpenCookieDatabase,third_party,False,0
beget_com,yuidss,False,True,True,OpenCookieDatabase,third_party,False,0
outlook_com,MicrosoftApplicationsTelemetryDeviceId,False,True,True,OpenCookieDatabase,third_party,False,0
xnhau_hot,_ga,False,True,True,OpenCookieDatabase,first_party,False,0
reg_ru,bh,False,True,True,OpenCookieDatabase,third_party,False,0
reg_ru,_ym_uid,False,True,True,OpenCookieDatabase,first_party,False,0
reg_ru,_ym_d,False,True,True,OpenCookieDatabase,first_party,False,0
reg_ru,yandexuid,False,True,True,OpenCookieDatabase,third_party,False,0
reg_ru,yashr,False,True,True,OpenCookieDatabase,third_party,False,0
reg_ru,_ym_isad,False,True,True,OpenCookieDatabase,first_party,False,0
reg_ru,yandexuid,False,True,True,OpenCookieDatabase,third_party,False,0
reg_ru,yuidss,False,True,True,OpenCookieDatabase,third_party,False,0
reg_ru,ymex,False,True,True,OpenCookieDatabase,third_party,False,0
reg_ru,bh,False,True,True,OpenCookieDatabase,third_party,False,0
jable_tv,_ga,False,True,True,OpenCookieDatabase,first_party,False,0
kwai_com,FCCDCF,False,True,True,OpenCookieDatabase,first_party,False,0
shopee_co_id,_ga,False,True,True,OpenCookieDatabase,first_party,False,0
overwolf_com,_gid,False,True,True,OpenCookieDatabase,first_party,False,0
overwolf_com,_gat,False,True,True,OpenCookieDatabase,first_party,False,0
overwolf_com,_ga,False,True,True,OpenCookieDatabase,first_party,False,0
spboss_mobi,FCCDCF,False,True,True,OpenCookieDatabase,first_party,False,0
russianfood_com,yandexuid,False,True,True,OpenCookieDatabase,third_party,False,0
russianfood_com,yashr,False,True,True,OpenCookieDatabase,third_party,False,0
russianfood_com,bh,False,True,True,OpenCookieDatabase,third_party,False,0
russianfood_com,_ga,False,True,True,OpenCookieDatabase,first_party,False,0
russianfood_com,__utma,False,True,True,OpenCookieDatabase,first_party,False,0
russianfood_com,__utmc,False,True,True,OpenCookieDatabase,first_party,True,0
russianfood_com,__utmz,False,True,True,OpenCookieDatabase,first_party,False,0
russianfood_com,__utmt,False,True,True,OpenCookieDatabase,first_party,False,0
russianfood_com,__utmb,False,True,True,OpenCookieDatabase,first_party,False,0
russianfood_com,_ym_uid,False,True,True,OpenCookieDatabase,first_party,False,0
russianfood_com,_ym_d,False,True,True,OpenCookieDatabase,first_party,False,0
russianfood_com,_ym_isad,False,True,True,OpenCookieDatabase,first_party,False,0
russianfood_com,FCCDCF,False,True,True,OpenCookieDatabase,first_party,False,0
russianfood_com,yandexuid,False,True,True,OpenCookieDatabase,third_party,False,0
russianfood_com,yuidss,False,True,True,OpenCookieDatabase,third_party,False,0
russianfood_com,ymex,False,True,True,OpenCookieDatabase,third_party,False,0
russianfood_com,bh,False,True,True,OpenCookieDatabase,third_party,False,0
tnaflix_com,_ga,False,True,True,OpenCookieDatabase,first_party,False,0
fastly_net,_ga,False,True,True,OpenCookieDatabase,third_party,False,0
football_com,_ga,False,True,True,OpenCookieDatabase,first_party,False,0
snapkit_com,_ga,False,True,True,OpenCookieDatabase,third_party,False,0
foxnews_com,s_cc,False,True,True,OpenCookieDatabase,first_party,True,0
cnbc_com,__pat,False,True,True,OpenCookieDatabase,first_party,False,0
cnbc_com,__pvi,False,True,True,OpenCookieDatabase,first_party,False,0
cnbc_com,cX_P,False,True,True,OpenCookieDatabase,first_party,False,0
blackrussia_online,bh,False,True,True,OpenCookieDatabase,third_party,False,0
blackrussia_online,_ym_uid,False,True,True,OpenCookieDatabase,first_party,False,0
blackrussia_online,_ym_d,False,True,True,OpenCookieDatabase,first_party,False,0
blackrussia_online,_ym_isad,False,True,True,OpenCookieDatabase,first_party,False,0
blackrussia_online,yandexuid,False,True,True,OpenCookieDatabase,third_party,False,0
blackrussia_online,yuidss,False,True,True,OpenCookieDatabase,third_party,False,0
blackrussia_online,ymex,False,True,True,OpenCookieDatabase,third_party,False,0
blackrussia_online,yandexuid,False,True,True,OpenCookieDatabase,third_party,False,0
blackrussia_online,yuidss,False,True,True,OpenCookieDatabase,third_party,False,0
blackrussia_online,bh,False,True,True,OpenCookieDatabase,third_party,False,0
hln_be,__gfp_64b,False,True,True,OpenCookieDatabase,first_party,False,0
hln_be,adhese2,False,True,True,OpenCookieDatabase,third_party,False,0
cornell_edu,__utma,False,True,True,OpenCookieDatabase,first_party,False,0
cornell_edu,__utmc,False,True,True,OpenCookieDatabase,first_party,True,0
cornell_edu,__utmz,False,True,True,OpenCookieDatabase,first_party,False,0
cornell_edu,__utmt,False,True,True,OpenCookieDatabase,first_party,False,0
cornell_edu,__utmb,False,True,True,OpenCookieDatabase,first_party,False,0
cornell_edu,_ga,False,True,True,OpenCookieDatabase,first_party,False,0
cornell_edu,nmstat,False,True,True,OpenCookieDatabase,first_party,False,0
nic_ru,bh,False,True,True,OpenCookieDatabase,third_party,False,0
nic_ru,_ym_uid,False,True,True,OpenCookieDatabase,first_party,False,0
nic_ru,_ym_d,False,True,True,OpenCookieDatabase,first_party,False,0
nic_ru,_ym_isad,False,True,True,OpenCookieDatabase,first_party,False,0
nic_ru,yandexuid,False,True,True,OpenCookieDatabase,third_party,False,0
nic_ru,yuidss,False,True,True,OpenCookieDatabase,third_party,False,0
nic_ru,ymex,False,True,True,OpenCookieDatabase,third_party,False,0
nic_ru,bh,False,True,True,OpenCookieDatabase,third_party,False,0
nic_ru,yuidss,False,True,True,OpenCookieDatabase,third_party,False,0
nic_ru,yandexuid,False,True,True,OpenCookieDatabase,third_party,False,0
nic_ru,yashr,False,True,True,OpenCookieDatabase,third_party,False,0
cdc_gov,_ga,False,True,True,OpenCookieDatabase,first_party,False,0
ipify_org,_ga,False,True,True,OpenCookieDatabase,first_party,False,0
ipify_org,_gid,False,True,True,OpenCookieDatabase,first_party,False,0
techcrunch_com,_ga,False,True,True,OpenCookieDatabase,first_party,False,0
techcrunch_com,FCCDCF,False,True,True,OpenCookieDatabase,first_party,False,0
1c_ru,bh,False,True,True,OpenCookieDatabase,third_party,False,0
1c_ru,_ym_uid,False,True,True,OpenCookieDatabase,first_party,False,0
1c_ru,_ym_d,False,True,True,OpenCookieDatabase,first_party,False,0
1c_ru,_ym_isad,False,True,True,OpenCookieDatabase,first_party,False,0
1c_ru,yandexuid,False,True,True,OpenCookieDatabase,third_party,False,0
1c_ru,yuidss,False,True,True,OpenCookieDatabase,third_party,False,0
1c_ru,ymex,False,True,True,OpenCookieDatabase,third_party,False,0
1c_ru,bh,False,True,True,OpenCookieDatabase,third_party,False,0
1c_ru,yandexuid,False,True,True,OpenCookieDatabase,third_party,False,0
1c_ru,yuidss,False,True,True,OpenCookieDatabase,third_party,False,0
postgresql_org,_ga,False,True,True,OpenCookieDatabase,first_party,False,0
postgresql_org,_gid,False,True,True,OpenCookieDatabase,first_party,False,0
yandex_ru,is_gdpr,False,True,True,OpenCookieDatabase,first_party,False,0
yandex_ru,is_gdpr_b,False,True,True,OpenCookieDatabase,first_party,False,0
yandex_ru,_yasc,False,True,True,OpenCookieDatabase,first_party,False,0
yandex_ru,yandexuid,False,True,True,OpenCookieDatabase,first_party,False,0
yandex_ru,yashr,False,True,True,OpenCookieDatabase,first_party,False,0
yandex_ru,bh,False,True,True,OpenCookieDatabase,first_party,False,0
yandex_ru,yandexuid,False,True,True,OpenCookieDatabase,third_party,False,0
yandex_ru,yashr,False,True,True,OpenCookieDatabase,first_party,False,0
yandex_ru,yuidss,False,True,True,OpenCookieDatabase,first_party,False,0
yandex_ru,ymex,False,True,True,OpenCookieDatabase,first_party,False,0
yandex_ru,yashr,False,True,True,OpenCookieDatabase,third_party,False,0
yandex_ru,_yasc,False,True,True,OpenCookieDatabase,third_party,False,0
yandex_ru,_ym_uid,False,True,True,OpenCookieDatabase,third_party,False,0
yandex_ru,_ym_d,False,True,True,OpenCookieDatabase,third_party,False,0
yandex_ru,_ym_isad,False,True,True,OpenCookieDatabase,third_party,False,0
yandex_ru,yandexuid,False,True,True,OpenCookieDatabase,third_party,False,0
yandex_ru,yuidss,False,True,True,OpenCookieDatabase,third_party,False,0
yandex_ru,ymex,False,True,True,OpenCookieDatabase,third_party,False,0
yandex_ru,bh,False,True,True,OpenCookieDatabase,third_party,False,0
yandex_com_tr,yuidss,False,True,True,OpenCookieDatabase,first_party,False,0
yandex_com_tr,is_gdpr,False,True,True,OpenCookieDatabase,first_party,False,0
yandex_com_tr,is_gdpr_b,False,True,True,OpenCookieDatabase,first_party,False,0
yandex_com_tr,yandexuid,False,True,True,OpenCookieDatabase,first_party,False,0
yandex_com_tr,yashr,False,True,True,OpenCookieDatabase,first_party,False,0
yandex_com_tr,bh,False,True,True,OpenCookieDatabase,first_party,False,0
yandex_com_tr,bh,False,True,True,OpenCookieDatabase,third_party,False,0
yandex_com_tr,yandexuid,False,True,True,OpenCookieDatabase,third_party,False,0
yandex_com_tr,yuidss,False,True,True,OpenCookieDatabase,third_party,False,0
yandex_com_tr,ymex,False,True,True,OpenCookieDatabase,third_party,False,0
yandex_com_tr,_yasc,False,True,True,OpenCookieDatabase,first_party,False,0
wowhead_com,_gid,False,True,True,OpenCookieDatabase,first_party,False,0
wowhead_com,_gat,False,True,True,OpenCookieDatabase,first_party,False,0
wowhead_com,_ga,False,True,True,OpenCookieDatabase,first_party,False,0
netangels_ru,bh,False,True,True,OpenCookieDatabase,third_party,False,0
netangels_ru,_ym_uid,False,True,True,OpenCookieDatabase,first_party,False,0
netangels_ru,_ym_d,False,True,True,OpenCookieDatabase,first_party,False,0
netangels_ru,_ym_isad,False,True,True,OpenCookieDatabase,first_party,False,0
netangels_ru,yandexuid,False,True,True,OpenCookieDatabase,third_party,False,0
netangels_ru,yuidss,False,True,True,OpenCookieDatabase,third_party,False,0
netangels_ru,ymex,False,True,True,OpenCookieDatabase,third_party,False,0
netangels_ru,bh,False,True,True,OpenCookieDatabase,third_party,False,0
netangels_ru,yandexuid,False,True,True,OpenCookieDatabase,third_party,False,0
netangels_ru,yuidss,False,True,True,OpenCookieDatabase,third_party,False,0
snaptik_app,_ga,False,True,True,OpenCookieDatabase,first_party,False,0
snaptik_app,FCCDCF,False,True,True,OpenCookieDatabase,first_party,False,0
mangabuddy_com,_ga,False,True,True,OpenCookieDatabase,first_party,False,0
bitdefender_net,_ga,False,True,True,OpenCookieDatabase,third_party,False,0
bitdefender_net,_biz_uid,False,True,True,OpenCookieDatabase,third_party,False,0
bitdefender_net,_biz_nA,False,True,True,OpenCookieDatabase,third_party,False,0
bitdefender_net,_biz_pendingA,False,True,True,OpenCookieDatabase,third_party,False,0
bitdefender_net,_biz_flagsA,False,True,True,OpenCookieDatabase,third_party,False,0
bitdefender_net,_clck,False,True,True,OpenCookieDatabase,third_party,False,0
bitdefender_net,_clsk,False,True,True,OpenCookieDatabase,third_party,False,0
lioden_com,_ga,False,True,True,OpenCookieDatabase,first_party,False,0
mashable_com,_ga,False,True,True,OpenCookieDatabase,first_party,False,0
letsporn_com,_ga,False,True,True,OpenCookieDatabase,first_party,False,0
letsporn_com,bh,False,True,True,OpenCookieDatabase,third_party,False,0
letsporn_com,_ym_uid,False,True,True,OpenCookieDatabase,first_party,False,0
letsporn_com,_ym_d,False,True,True,OpenCookieDatabase,first_party,False,0
letsporn_com,_ym_isad,False,True,True,OpenCookieDatabase,first_party,False,0
letsporn_com,yandexuid,False,True,True,OpenCookieDatabase,third_party,False,0
letsporn_com,yuidss,False,True,True,OpenCookieDatabase,third_party,False,0
letsporn_com,ymex,False,True,True,OpenCookieDatabase,third_party,False,0
letsporn_com,bh,False,True,True,OpenCookieDatabase,third_party,False,0
letsporn_com,yandexuid,False,True,True,OpenCookieDatabase,third_party,False,0
letsporn_com,yuidss,False,True,True,OpenCookieDatabase,third_party,False,0
hochi_news,_ga,False,True,True,OpenCookieDatabase,first_party,False,0
hochi_news,FCCDCF,False,True,True,OpenCookieDatabase,first_party,False,0
hochi_news,__pat,False,True,True,OpenCookieDatabase,first_party,False,0
hochi_news,__pvi,False,True,True,OpenCookieDatabase,first_party,False,0
hochi_news,cX_P,False,True,True,OpenCookieDatabase,first_party,False,0
hochi_news,pnespsdk_visitor,False,True,True,OpenCookieDatabase,first_party,False,0
wattpad_com,AMP_TOKEN,False,True,True,OpenCookieDatabase,first_party,False,0
wattpad_com,_ga,False,True,True,OpenCookieDatabase,first_party,False,0
wattpad_com,_gid,False,True,True,OpenCookieDatabase,first_party,False,0
admanmedia_com,_ga,False,True,True,OpenCookieDatabase,first_party,False,0
admanmedia_com,_gid,False,True,True,OpenCookieDatabase,first_party,False,0
admanmedia_com,_gat,False,True,True,OpenCookieDatabase,first_party,False,0
ivi_ru,bh,False,True,True,OpenCookieDatabase,third_party,False,0
ivi_ru,_ym_uid,False,True,True,OpenCookieDatabase,third_party,False,0
ivi_ru,_ym_d,False,True,True,OpenCookieDatabase,third_party,False,0
ivi_ru,_ym_isad,False,True,True,OpenCookieDatabase,third_party,False,0
ivi_ru,yandexuid,False,True,True,OpenCookieDatabase,third_party,False,0
ivi_ru,yuidss,False,True,True,OpenCookieDatabase,third_party,False,0
ivi_ru,ymex,False,True,True,OpenCookieDatabase,third_party,False,0
ivi_ru,bh,False,True,True,OpenCookieDatabase,third_party,False,0
ivi_ru,yandexuid,False,True,True,OpenCookieDatabase,third_party,False,0
ivi_ru,yuidss,False,True,True,OpenCookieDatabase,third_party,False,0
ring_com,_shopify_y,False,True,True,OpenCookieDatabase,first_party,False,0
ring_com,_shopify_s,False,True,True,OpenCookieDatabase,first_party,False,0
furaffinity_net,FCCDCF,False,True,True,OpenCookieDatabase,first_party,False,0
gsmarena_com,_ga,False,True,True,OpenCookieDatabase,first_party,False,0
gsmarena_com,FCCDCF,False,True,True,OpenCookieDatabase,first_party,False,0
litnet_com,_ga,False,True,True,OpenCookieDatabase,first_party,False,0
litnet_com,_ym_uid,False,True,True,OpenCookieDatabase,first_party,False,0
litnet_com,_ym_d,False,True,True,OpenCookieDatabase,first_party,False,0
litnet_com,sp,False,True,True,OpenCookieDatabase,third_party,False,0
litnet_com,ymex,False,True,True,OpenCookieDatabase,third_party,False,0
litnet_com,bh,False,True,True,OpenCookieDatabase,third_party,False,0
litnet_com,yandexuid,False,True,True,OpenCookieDatabase,third_party,False,0
litnet_com,yuidss,False,True,True,OpenCookieDatabase,third_party,False,0
litnet_com,_ym_isad,False,True,True,OpenCookieDatabase,first_party,False,0
litnet_com,bh,False,True,True,OpenCookieDatabase,third_party,False,0
litnet_com,yandexuid,False,True,True,OpenCookieDatabase,third_party,False,0
litnet_com,yuidss,False,True,True,OpenCookieDatabase,third_party,False,0
360yield_com,_ga,False,True,True,OpenCookieDatabase,third_party,False,0
360yield_com,_gid,False,True,True,OpenCookieDatabase,third_party,False,0
360yield_com,_gat,False,True,True,OpenCookieDatabase,third_party,False,0
geediting_com,_ga,False,True,True,OpenCookieDatabase,first_party,False,0
emaktab_uz,bh,False,True,True,OpenCookieDatabase,third_party,False,0
emaktab_uz,_ym_uid,False,True,True,OpenCookieDatabase,first_party,False,0
emaktab_uz,_ym_d,False,True,True,OpenCookieDatabase,first_party,False,0
emaktab_uz,_ym_isad,False,True,True,OpenCookieDatabase,first_party,False,0
emaktab_uz,yandexuid,False,True,True,OpenCookieDatabase,third_party,False,0
emaktab_uz,yuidss,False,True,True,OpenCookieDatabase,third_party,False,0
emaktab_uz,ymex,False,True,True,OpenCookieDatabase,third_party,False,0
emaktab_uz,bh,False,True,True,OpenCookieDatabase,third_party,False,0
emaktab_uz,yandexuid,False,True,True,OpenCookieDatabase,third_party,False,0
emaktab_uz,yuidss,False,True,True,OpenCookieDatabase,third_party,False,0
pbs_org,_ga,False,True,True,OpenCookieDatabase,first_party,False,0
nih_gov,_gid,False,True,True,OpenCookieDatabase,first_party,False,0
nih_gov,_ga,False,True,True,OpenCookieDatabase,first_party,False,0
nic_io,_ga,False,True,True,OpenCookieDatabase,first_party,False,0
nic_io,_gid,False,True,True,OpenCookieDatabase,first_party,False,0
ojogodobicho_com,_ga,False,True,True,OpenCookieDatabase,first_party,False,0
who_int,_ga,False,True,True,OpenCookieDatabase,first_party,False,0
who_int,_gid,False,True,True,OpenCookieDatabase,first_party,False,0
yandex_net,is_gdpr,False,True,True,OpenCookieDatabase,first_party,False,0
yandex_net,is_gdpr_b,False,True,True,OpenCookieDatabase,first_party,False,0
yandex_net,_yasc,False,True,True,OpenCookieDatabase,first_party,False,0
yandex_net,is_gdpr,False,True,True,OpenCookieDatabase,third_party,False,0
yandex_net,is_gdpr_b,False,True,True,OpenCookieDatabase,third_party,False,0
yandex_net,yashr,False,True,True,OpenCookieDatabase,third_party,False,0
yandex_net,bh,False,True,True,OpenCookieDatabase,third_party,False,0
yandex_net,yandexuid,False,True,True,OpenCookieDatabase,third_party,False,0
yandex_net,_yasc,False,True,True,OpenCookieDatabase,third_party,False,0
yandex_net,yandexuid,False,True,True,OpenCookieDatabase,third_party,False,0
yandex_net,_yasc,False,True,True,OpenCookieDatabase,third_party,False,0
yandex_net,bh,False,True,True,OpenCookieDatabase,third_party,False,0
yandex_net,yuidss,False,True,True,OpenCookieDatabase,third_party,False,0
yandex_net,ymex,False,True,True,OpenCookieDatabase,third_party,False,0
yandex_net,is_gdpr,False,True,True,OpenCookieDatabase,third_party,False,0
yandex_net,is_gdpr_b,False,True,True,OpenCookieDatabase,third_party,False,0
yandex_net,yashr,False,True,True,OpenCookieDatabase,third_party,False,0
github_io,_octo,False,True,True,OpenCookieDatabase,third_party,False,0
franceinfo_fr,_cs_c,False,True,True,OpenCookieDatabase,first_party,False,0
franceinfo_fr,_cs_cvars,False,True,True,OpenCookieDatabase,first_party,True,0
franceinfo_fr,_cs_id,False,True,True,OpenCookieDatabase,first_party,False,0
franceinfo_fr,_cs_s,False,True,True,OpenCookieDatabase,first_party,False,0
sex-studentki_team,bh,False,True,True,OpenCookieDatabase,third_party,False,0
sex-studentki_team,_ym_uid,False,True,True,OpenCookieDatabase,first_party,False,0
sex-studentki_team,_ym_d,False,True,True,OpenCookieDatabase,first_party,False,0
sex-studentki_team,_ym_isad,False,True,True,OpenCookieDatabase,first_party,False,0
sex-studentki_team,yandexuid,False,True,True,OpenCookieDatabase,third_party,False,0
sex-studentki_team,yuidss,False,True,True,OpenCookieDatabase,third_party,False,0
sex-studentki_team,ymex,False,True,True,OpenCookieDatabase,third_party,False,0
sex-studentki_team,bh,False,True,True,OpenCookieDatabase,third_party,False,0
sex-studentki_team,yandexuid,False,True,True,OpenCookieDatabase,third_party,False,0
sex-studentki_team,yuidss,False,True,True,OpenCookieDatabase,third_party,False,0
vimeo_com,vuid,False,True,True,OpenCookieDatabase,first_party,False,0
ngenix_net,bh,False,True,True,OpenCookieDatabase,third_party,False,0
ngenix_net,_ym_uid,False,True,True,OpenCookieDatabase,first_party,False,0
ngenix_net,_ym_d,False,True,True,OpenCookieDatabase,first_party,False,0
ngenix_net,_ym_isad,False,True,True,OpenCookieDatabase,first_party,False,0
ngenix_net,yandexuid,False,True,True,OpenCookieDatabase,third_party,False,0
ngenix_net,yuidss,False,True,True,OpenCookieDatabase,third_party,False,0
ngenix_net,ymex,False,True,True,OpenCookieDatabase,third_party,False,0
ngenix_net,bh,False,True,True,OpenCookieDatabase,third_party,False,0
ngenix_net,yandexuid,False,True,True,OpenCookieDatabase,third_party,False,0
ngenix_net,yuidss,False,True,True,OpenCookieDatabase,third_party,False,0
kingbokep_tv,bh,False,True,True,OpenCookieDatabase,third_party,False,0
kingbokep_tv,_ga,False,True,True,OpenCookieDatabase,first_party,False,0
kingbokep_tv,_ym_uid,False,True,True,OpenCookieDatabase,first_party,False,0
kingbokep_tv,_ym_d,False,True,True,OpenCookieDatabase,first_party,False,0
kingbokep_tv,_ym_isad,False,True,True,OpenCookieDatabase,first_party,False,0
kingbokep_tv,yandexuid,False,True,True,OpenCookieDatabase,third_party,False,0
kingbokep_tv,yuidss,False,True,True,OpenCookieDatabase,third_party,False,0
kingbokep_tv,ymex,False,True,True,OpenCookieDatabase,third_party,False,0
kingbokep_tv,bh,False,True,True,OpenCookieDatabase,third_party,False,0
kingbokep_tv,yandexuid,False,True,True,OpenCookieDatabase,third_party,False,0
kingbokep_tv,yuidss,False,True,True,OpenCookieDatabase,third_party,False,0
rt_ru,bh,False,True,True,OpenCookieDatabase,third_party,False,0
rt_ru,_ym_uid,False,True,True,OpenCookieDatabase,first_party,False,0
rt_ru,_ym_d,False,True,True,OpenCookieDatabase,first_party,False,0
rt_ru,_ym_isad,False,True,True,OpenCookieDatabase,first_party,False,0
rt_ru,yandexuid,False,True,True,OpenCookieDatabase,third_party,False,0
rt_ru,yuidss,False,True,True,OpenCookieDatabase,third_party,False,0
rt_ru,ymex,False,True,True,OpenCookieDatabase,third_party,False,0
rt_ru,bh,False,True,True,OpenCookieDatabase,third_party,False,0
rt_ru,yandexuid,False,True,True,OpenCookieDatabase,third_party,False,0
rt_ru,yuidss,False,True,True,OpenCookieDatabase,third_party,False,0
repubblica_it,_ga,False,True,True,OpenCookieDatabase,first_party,False,0
bakusai_com,_gid,False,True,True,OpenCookieDatabase,first_party,False,0
bakusai_com,_ga,False,True,True,OpenCookieDatabase,first_party,False,0
ilmeteo_it,compass_uid,False,True,True,OpenCookieDatabase,first_party,False,0
ilmeteo_it,_ga,False,True,True,OpenCookieDatabase,first_party,False,0
ilmeteo_it,FCCDCF,False,True,True,OpenCookieDatabase,first_party,False,0
groww_in,_ga,False,True,True,OpenCookieDatabase,first_party,False,0
ameblo_jp,_ga,False,True,True,OpenCookieDatabase,first_party,False,0
lanacion_com_ar,compass_uid,False,True,True,OpenCookieDatabase,first_party,False,0
lanacion_com_ar,_ga,False,True,True,OpenCookieDatabase,first_party,False,0
lanacion_com_ar,FCCDCF,False,True,True,OpenCookieDatabase,first_party,False,0
aboutads_info,_gid,False,True,True,OpenCookieDatabase,third_party,False,0
aboutads_info,_gat,False,True,True,OpenCookieDatabase,third_party,False,0
aboutads_info,_ga,False,True,True,OpenCookieDatabase,third_party,False,0
kueezrtb_com,_ga,False,True,True,OpenCookieDatabase,third_party,False,0
buzzfeed_com,_ga,False,True,True,OpenCookieDatabase,first_party,False,0
buzzfeed_com,_gid,False,True,True,OpenCookieDatabase,first_party,False,0
selectel_ru,bh,False,True,True,OpenCookieDatabase,third_party,False,0
selectel_ru,_ym_uid,False,True,True,OpenCookieDatabase,first_party,False,0
selectel_ru,_ym_d,False,True,True,OpenCookieDatabase,first_party,False,0
selectel_ru,bh,False,True,True,OpenCookieDatabase,third_party,False,0
selectel_ru,_ym_isad,False,True,True,OpenCookieDatabase,first_party,False,0
livescore_cz,_gid,False,True,True,OpenCookieDatabase,first_party,False,0
livescore_cz,_gat,False,True,True,OpenCookieDatabase,first_party,False,0
livescore_cz,_ga,False,True,True,OpenCookieDatabase,first_party,False,0
livescore_cz,FCCDCF,False,True,True,OpenCookieDatabase,first_party,False,0
rutube_ru,yandexuid,False,True,True,OpenCookieDatabase,third_party,False,0
rutube_ru,yashr,False,True,True,OpenCookieDatabase,third_party,False,0
rutube_ru,bh,False,True,True,OpenCookieDatabase,third_party,False,0
rutube_ru,_ym_uid,False,True,True,OpenCookieDatabase,first_party,False,0
rutube_ru,_ym_d,False,True,True,OpenCookieDatabase,first_party,False,0
rutube_ru,yandexuid,False,True,True,OpenCookieDatabase,third_party,False,0
rutube_ru,yuidss,False,True,True,OpenCookieDatabase,third_party,False,0
rutube_ru,_ym_isad,False,True,True,OpenCookieDatabase,first_party,False,0
rutube_ru,AFFICHE_W,False,True,True,OpenCookieDatabase,third_party,False,0
rutube_ru,ymex,False,True,True,OpenCookieDatabase,third_party,False,0
rutube_ru,bh,False,True,True,OpenCookieDatabase,third_party,False,0
bol_com,rl_anonymous_id,False,True,True,OpenCookieDatabase,first_party,False,0
bol_com,rl_page_init_referrer,False,True,True,OpenCookieDatabase,first_party,False,0
bol_com,rl_trait,False,True,True,OpenCookieDatabase,first_party,False,0
bol_com,rl_session,False,True,True,OpenCookieDatabase,first_party,False,0
fapello_com,_ga,False,True,True,OpenCookieDatabase,first_party,False,0
windows_com,MicrosoftApplicationsTelemetryDeviceId,False,True,True,OpenCookieDatabase,third_party,False,0
segment_com,ajs_anonymous_id,False,True,True,OpenCookieDatabase,third_party,False,0
shopeemobile_com,_ga,False,True,True,OpenCookieDatabase,third_party,False,0
yandex_kz,yuidss,False,True,True,OpenCookieDatabase,first_party,False,0
yandex_kz,is_gdpr,False,True,True,OpenCookieDatabase,first_party,False,0
yandex_kz,is_gdpr_b,False,True,True,OpenCookieDatabase,first_party,False,0
yandex_kz,yandexuid,False,True,True,OpenCookieDatabase,first_party,False,0
yandex_kz,yashr,False,True,True,OpenCookieDatabase,first_party,False,0
yandex_kz,bh,False,True,True,OpenCookieDatabase,first_party,False,0
yandex_kz,ymex,False,True,True,OpenCookieDatabase,third_party,False,0
yandex_kz,yandexuid,False,True,True,OpenCookieDatabase,third_party,False,0
yandex_kz,yuidss,False,True,True,OpenCookieDatabase,third_party,False,0
yandex_kz,bh,False,True,True,OpenCookieDatabase,third_party,False,0
yandex_kz,yandexuid,False,True,True,OpenCookieDatabase,third_party,False,0
yandex_kz,yuidss,False,True,True,OpenCookieDatabase,third_party,False,0
yandex_kz,bh,False,True,True,OpenCookieDatabase,third_party,False,0
yandex_kz,is_gdpr,False,True,True,OpenCookieDatabase,third_party,False,0
yandex_kz,is_gdpr_b,False,True,True,OpenCookieDatabase,third_party,False,0
yandex_kz,yashr,False,True,True,OpenCookieDatabase,third_party,False,0
yandex_kz,yuidss,False,True,True,OpenCookieDatabase,third_party,False,0
yandex_kz,is_gdpr,False,True,True,OpenCookieDatabase,third_party,False,0
yandex_kz,is_gdpr_b,False,True,True,OpenCookieDatabase,third_party,False,0
yandex_kz,yandexuid,False,True,True,OpenCookieDatabase,third_party,False,0
yandex_kz,yashr,False,True,True,OpenCookieDatabase,third_party,False,0
yandex_kz,bh,False,True,True,OpenCookieDatabase,third_party,False,0
yandex_kz,_yasc,False,True,True,OpenCookieDatabase,first_party,False,0
caixa_gov_br,_ga,False,True,True,OpenCookieDatabase,first_party,False,0
adriver_ru,_ga,False,True,True,OpenCookieDatabase,first_party,False,0
mediatek_com,_ga,False,True,True,OpenCookieDatabase,first_party,False,0
cloud_microsoft,MicrosoftApplicationsTelemetryDeviceId,False,True,True,OpenCookieDatabase,first_party,False,0
noaa_gov,_ga,False,True,True,OpenCookieDatabase,first_party,False,0
noaa_gov,nmstat,False,True,True,OpenCookieDatabase,first_party,False,0
ya_ru,is_gdpr,False,True,True,OpenCookieDatabase,first_party,False,0
ya_ru,is_gdpr_b,False,True,True,OpenCookieDatabase,first_party,False,0
ya_ru,yashr,False,True,True,OpenCookieDatabase,first_party,False,0
ya_ru,bh,False,True,True,OpenCookieDatabase,first_party,False,0
ya_ru,yandexuid,False,True,True,OpenCookieDatabase,third_party,False,0
ya_ru,_yasc,False,True,True,OpenCookieDatabase,third_party,False,0
ya_ru,yandexuid,False,True,True,OpenCookieDatabase,first_party,False,0
ya_ru,_yasc,False,True,True,OpenCookieDatabase,first_party,False,0
ya_ru,yuidss,False,True,True,OpenCookieDatabase,third_party,False,0
ya_ru,ymex,False,True,True,OpenCookieDatabase,third_party,False,0
ya_ru,bh,False,True,True,OpenCookieDatabase,third_party,False,0
ya_ru,is_gdpr,False,True,True,OpenCookieDatabase,third_party,False,0
ya_ru,is_gdpr_b,False,True,True,OpenCookieDatabase,third_party,False,0
ya_ru,yashr,False,True,True,OpenCookieDatabase,third_party,False,0
ca_gov,_ga,False,True,True,OpenCookieDatabase,first_party,False,0
dnsimple_com,_ga,False,True,True,OpenCookieDatabase,first_party,False,0
livechatinc_com,_ga,False,True,True,OpenCookieDatabase,third_party,False,0
livechatinc_com,FPID,False,True,True,OpenCookieDatabase,third_party,False,0
livechatinc_com,FPLC,False,True,True,OpenCookieDatabase,third_party,False,0
wpastra_com,_ga,False,True,True,OpenCookieDatabase,first_party,False,0
rakuten_com,ajs_anonymous_id,False,True,True,OpenCookieDatabase,first_party,False,0
rakuten_com,ajs_anonymous_id,False,True,True,OpenCookieDatabase,first_party,False,0
rakuten_com,AMP_TOKEN,False,True,True,OpenCookieDatabase,first_party,False,0
rakuten_com,_ga,False,True,True,OpenCookieDatabase,first_party,False,0
rakuten_com,_gid,False,True,True,OpenCookieDatabase,first_party,False,0
rakuten_com,_ga,False,True,True,OpenCookieDatabase,first_party,False,0
wisc_edu,_ga,False,True,True,OpenCookieDatabase,first_party,False,0
wisc_edu,_ga,False,True,True,OpenCookieDatabase,first_party,False,0
prnewswire_com,ELOQUA,False,True,True,OpenCookieDatabase,first_party,False,0
wp_com,tk_qs,False,True,True,OpenCookieDatabase,third_party,False,0
tokyomotion_net,_ga,False,True,True,OpenCookieDatabase,first_party,False,0
avast_com,s_cc,False,True,True,OpenCookieDatabase,first_party,True,0
cnet_com,FCCDCF,False,True,True,OpenCookieDatabase,first_party,False,0
24h_com_vn,_ga,False,True,True,OpenCookieDatabase,first_party,False,0
24h_com_vn,FCCDCF,False,True,True,OpenCookieDatabase,first_party,False,0
marktplaats_nl,_ga,False,True,True,OpenCookieDatabase,first_party,False,0
marktplaats_nl,FPID,False,True,True,OpenCookieDatabase,first_party,False,0
marktplaats_nl,FPLC,False,True,True,OpenCookieDatabase,first_party,False,0
clarin_com,compass_uid,False,True,True,OpenCookieDatabase,first_party,False,0
clarin_com,_ga,False,True,True,OpenCookieDatabase,first_party,False,0
clarin_com,FCCDCF,False,True,True,OpenCookieDatabase,first_party,False,0
hostgator_com,__utma,False,True,True,OpenCookieDatabase,first_party,False,0
hostgator_com,__utmc,False,True,True,OpenCookieDatabase,first_party,True,0
hostgator_com,__utmz,False,True,True,OpenCookieDatabase,first_party,False,0
hostgator_com,__utmt,False,True,True,OpenCookieDatabase,first_party,False,0
hostgator_com,__utmb,False,True,True,OpenCookieDatabase,first_party,False,0
illuminateed_com,_ga,False,True,True,OpenCookieDatabase,first_party,False,0
illuminateed_com,_gid,False,True,True,OpenCookieDatabase,first_party,False,0
xoso_com_vn,FCCDCF,False,True,True,OpenCookieDatabase,first_party,False,0
xoso_com_vn,_gid,False,True,True,OpenCookieDatabase,first_party,False,0
xoso_com_vn,_ga,False,True,True,OpenCookieDatabase,first_party,False,0
va_gov,nmstat,False,True,True,OpenCookieDatabase,first_party,False,0
va_gov,_ga,False,True,True,OpenCookieDatabase,first_party,False,0
kakuyomu_jp,_ga,False,True,True,OpenCookieDatabase,first_party,False,0
kakuyomu_jp,_gid,False,True,True,OpenCookieDatabase,first_party,False,0
crashlytics_com,_ga,False,True,True,OpenCookieDatabase,third_party,False,0
us_com,_ga,False,True,True,OpenCookieDatabase,first_party,False,0
welt_de,s_cc,False,True,True,OpenCookieDatabase,first_party,True,0
liftoff_io,_biz_uid,False,True,True,OpenCookieDatabase,third_party,False,0
liftoff_io,_biz_nA,False,True,True,OpenCookieDatabase,third_party,False,0
liftoff_io,_biz_pendingA,False,True,True,OpenCookieDatabase,third_party,False,0
liftoff_io,_gid,False,True,True,OpenCookieDatabase,third_party,False,0
liftoff_io,_biz_flagsA,False,True,True,OpenCookieDatabase,third_party,False,0
liftoff_io,_ga,False,True,True,OpenCookieDatabase,third_party,False,0
indiatimes_com,_ga,False,True,True,OpenCookieDatabase,first_party,False,0
indiatimes_com,FCCDCF,False,True,True,OpenCookieDatabase,first_party,False,0
zearn_org,rl_user_id,False,True,True,OpenCookieDatabase,first_party,False,0
zearn_org,rl_trait,False,True,True,OpenCookieDatabase,first_party,False,0
zearn_org,rl_group_id,False,True,True,OpenCookieDatabase,first_party,False,0
zearn_org,rl_group_trait,False,True,True,OpenCookieDatabase,first_party,False,0
zearn_org,rl_anonymous_id,False,True,True,OpenCookieDatabase,first_party,False,0
zearn_org,rl_page_init_referrer,False,True,True,OpenCookieDatabase,first_party,False,0
zearn_org,rl_page_init_referring_domain,False,True,True,OpenCookieDatabase,first_party,False,0
ssstik_io,_ga,False,True,True,OpenCookieDatabase,first_party,False,0
ssstik_io,FCCDCF,False,True,True,OpenCookieDatabase,first_party,False,0
itmedia_co_jp,cX_P,False,True,True,OpenCookieDatabase,first_party,False,0
itmedia_co_jp,_ga,False,True,True,OpenCookieDatabase,first_party,False,0
itmedia_co_jp,FCCDCF,False,True,True,OpenCookieDatabase,first_party,False,0
harvard_edu,_ga,False,True,True,OpenCookieDatabase,first_party,False,0
harvard_edu,_gid,False,True,True,OpenCookieDatabase,first_party,False,0
trilltrill_jp,FCCDCF,False,True,True,OpenCookieDatabase,first_party,False,0
trilltrill_jp,_ga,False,True,True,OpenCookieDatabase,first_party,False,0
sitescout_com,vuid,False,True,True,OpenCookieDatabase,third_party,False,0
triunfobet_com,_ga,False,True,True,OpenCookieDatabase,first_party,False,0
box_com,s_cc,False,True,True,OpenCookieDatabase,first_party,True,0
aljazeera_com,_ga,False,True,True,OpenCookieDatabase,first_party,False,0
berkeley_edu,nmstat,False,True,True,OpenCookieDatabase,first_party,False,0
berkeley_edu,_ga,False,True,True,OpenCookieDatabase,first_party,False,0
oreilly_com,_vwo_ds,False,True,True,OpenCookieDatabase,first_party,False,0
oreilly_com,_vwo_sn,False,True,True,OpenCookieDatabase,first_party,False,0
jaya9bangladesh_com,_ga,False,True,True,OpenCookieDatabase,first_party,False,0
jaya9bangladesh_com,_gid,False,True,True,OpenCookieDatabase,first_party,False,0
jaya9bangladesh_com,_gat,False,True,True,OpenCookieDatabase,first_party,False,0
t-mobile_com,_s,False,True,True,OpenCookieDatabase,third_party,False,0
t-mobile_com,_ga,False,True,True,OpenCookieDatabase,first_party,False,0
t-mobile_com,QSI_HistorySession,False,True,True,OpenCookieDatabase,first_party,True,0
porno666_fo,_ga,False,True,True,OpenCookieDatabase,third_party,False,0
porno666_fo,_gid,False,True,True,OpenCookieDatabase,third_party,False,0
letras_mus_br,FCCDCF,False,True,True,OpenCookieDatabase,first_party,False,0
letras_mus_br,_ga,False,True,True,OpenCookieDatabase,first_party,False,0
bitrix24_ru,bh,False,True,True,OpenCookieDatabase,third_party,False,0
bitrix24_ru,_ym_uid,False,True,True,OpenCookieDatabase,first_party,False,0
bitrix24_ru,_ym_d,False,True,True,OpenCookieDatabase,first_party,False,0
bitrix24_ru,_ym_isad,False,True,True,OpenCookieDatabase,first_party,False,0
bitrix24_ru,yandexuid,False,True,True,OpenCookieDatabase,third_party,False,0
bitrix24_ru,yuidss,False,True,True,OpenCookieDatabase,third_party,False,0
bitrix24_ru,ymex,False,True,True,OpenCookieDatabase,third_party,False,0
bitrix24_ru,yandexuid,False,True,True,OpenCookieDatabase,third_party,False,0
bitrix24_ru,yuidss,False,True,True,OpenCookieDatabase,third_party,False,0
bitrix24_ru,bh,False,True,True,OpenCookieDatabase,third_party,False,0
rat_xxx,_ga,False,True,True,OpenCookieDatabase,first_party,False,0
rat_xxx,_gid,False,True,True,OpenCookieDatabase,first_party,False,0
rat_xxx,bh,False,True,True,OpenCookieDatabase,third_party,False,0
rat_xxx,_ym_uid,False,True,True,OpenCookieDatabase,first_party,False,0
rat_xxx,_ym_d,False,True,True,OpenCookieDatabase,first_party,False,0
rat_xxx,_ym_isad,False,True,True,OpenCookieDatabase,first_party,False,0
rat_xxx,yandexuid,False,True,True,OpenCookieDatabase,third_party,False,0
rat_xxx,yuidss,False,True,True,OpenCookieDatabase,third_party,False,0
rat_xxx,ymex,False,True,True,OpenCookieDatabase,third_party,False,0
rat_xxx,bh,False,True,True,OpenCookieDatabase,third_party,False,0
rat_xxx,yandexuid,False,True,True,OpenCookieDatabase,third_party,False,0
rat_xxx,yuidss,False,True,True,OpenCookieDatabase,third_party,False,0
smadex_com,_ga,False,True,True,OpenCookieDatabase,first_party,False,0
coolmathgames_com,_vwo_sn,False,True,True,OpenCookieDatabase,first_party,False,0
coolmathgames_com,_vwo_ds,False,True,True,OpenCookieDatabase,first_party,False,0
coolmathgames_com,FCCDCF,False,True,True,OpenCookieDatabase,first_party,False,0
okxxx1_com,_ga,False,True,True,OpenCookieDatabase,first_party,False,0
xosodaiphat_com,_ga,False,True,True,OpenCookieDatabase,first_party,False,0
xosodaiphat_com,FCCDCF,False,True,True,OpenCookieDatabase,first_party,False,0
hbr_org,s_tp,False,True,True,OpenCookieDatabase,first_party,True,0
hbr_org,s_ppv,False,True,True,OpenCookieDatabase,first_party,True,0
hbr_org,__pat,False,True,True,OpenCookieDatabase,first_party,False,0
hbr_org,__pvi,False,True,True,OpenCookieDatabase,first_party,False,0
hbr_org,FCCDCF,False,True,True,OpenCookieDatabase,first_party,False,0
hbr_org,s_cc,False,True,True,OpenCookieDatabase,first_party,True,0
hbr_org,_ga,False,True,True,OpenCookieDatabase,first_party,False,0
hbr_org,QSI_HistorySession,False,True,True,OpenCookieDatabase,first_party,True,0
palmplaystore_com,FCCDCF,False,True,True,OpenCookieDatabase,first_party,False,0
sedo_com,_ga,False,True,True,OpenCookieDatabase,first_party,False,0
newyorker_com,_s,False,True,True,OpenCookieDatabase,third_party,False,0
wpguardian_com,_ga,False,True,True,OpenCookieDatabase,first_party,False,0
wpguardian_com,_clck,False,True,True,OpenCookieDatabase,first_party,False,0
wpguardian_com,_clsk,False,True,True,OpenCookieDatabase,first_party,False,0
mbga_jp,__utma,False,True,True,OpenCookieDatabase,first_party,False,0
mbga_jp,__utmc,False,True,True,OpenCookieDatabase,first_party,True,0
mbga_jp,__utmz,False,True,True,OpenCookieDatabase,first_party,False,0
mbga_jp,__utmt,False,True,True,OpenCookieDatabase,first_party,False,0
mbga_jp,__utmb,False,True,True,OpenCookieDatabase,first_party,False,0
mbga_jp,_ga,False,True,True,OpenCookieDatabase,first_party,False,0
mbga_jp,_gid,False,True,True,OpenCookieDatabase,first_party,False,0
dmm_co_jp,FPID,False,True,True,OpenCookieDatabase,first_party,False,0
dmm_co_jp,FPLC,False,True,True,OpenCookieDatabase,first_party,False,0
plesk_com,_vwo_sn,False,True,True,OpenCookieDatabase,first_party,False,0
plesk_com,_vwo_ds,False,True,True,OpenCookieDatabase,first_party,False,0
plesk_com,_ga,False,True,True,OpenCookieDatabase,first_party,False,0
sapo_pt,_vwo_sn,False,True,True,OpenCookieDatabase,first_party,False,0
sapo_pt,_vwo_ds,False,True,True,OpenCookieDatabase,first_party,False,0
zedge_net,_ga,False,True,True,OpenCookieDatabase,first_party,False,0
zedge_net,_gid,False,True,True,OpenCookieDatabase,first_party,False,0
marca_com,FCCDCF,False,True,True,OpenCookieDatabase,first_party,False,0
marca_com,_ga,False,True,True,OpenCookieDatabase,first_party,False,0
marca_com,_gid,False,True,True,OpenCookieDatabase,first_party,False,0
marca_com,AMP_TOKEN,False,True,True,OpenCookieDatabase,first_party,False,0
marca_com,FCNEC,False,True,True,OpenCookieDatabase,first_party,False,0
aajtak_in,_ga,False,True,True,OpenCookieDatabase,first_party,False,0
aajtak_in,_ga,False,True,True,OpenCookieDatabase,third_party,False,0
aajtak_in,FCCDCF,False,True,True,OpenCookieDatabase,first_party,False,0
poste_it,_cs_mk_aa,False,True,True,OpenCookieDatabase,first_party,False,0
poste_it,s_cc,False,True,True,OpenCookieDatabase,first_party,True,0
whitehouse_gov,_ga,False,True,True,OpenCookieDatabase,first_party,False,0
wayground_com,_ga,False,True,True,OpenCookieDatabase,first_party,False,0
wayground_com,_gid,False,True,True,OpenCookieDatabase,first_party,False,0
nosv_org,_ga,False,True,True,OpenCookieDatabase,first_party,False,0
nosv_org,FCCDCF,False,True,True,OpenCookieDatabase,first_party,False,0
nosv_org,__utma,False,True,True,OpenCookieDatabase,first_party,False,0
nosv_org,__utmc,False,True,True,OpenCookieDatabase,first_party,True,0
nosv_org,__utmz,False,True,True,OpenCookieDatabase,first_party,False,0
nosv_org,__utmv,False,True,True,OpenCookieDatabase,first_party,False,0
nosv_org,__utmt,False,True,True,OpenCookieDatabase,first_party,False,0
nosv_org,__utmb,False,True,True,OpenCookieDatabase,first_party,False,0
livejournal_com,FCCDCF,False,True,True,OpenCookieDatabase,first_party,False,0
livejournal_com,bh,False,True,True,OpenCookieDatabase,third_party,False,0
livejournal_com,_ym_uid,False,True,True,OpenCookieDatabase,first_party,False,0
livejournal_com,_ym_d,False,True,True,OpenCookieDatabase,first_party,False,0
livejournal_com,yandexuid,False,True,True,OpenCookieDatabase,third_party,False,0
livejournal_com,yashr,False,True,True,OpenCookieDatabase,third_party,False,0
livejournal_com,bh,False,True,True,OpenCookieDatabase,third_party,False,0
livejournal_com,_ym_isad,False,True,True,OpenCookieDatabase,first_party,False,0
livejournal_com,yandexuid,False,True,True,OpenCookieDatabase,third_party,False,0
livejournal_com,yuidss,False,True,True,OpenCookieDatabase,third_party,False,0
livejournal_com,ymex,False,True,True,OpenCookieDatabase,third_party,False,0
livejournal_com,yuidss,False,True,True,OpenCookieDatabase,third_party,False,0
livejournal_com,bh,False,True,True,OpenCookieDatabase,third_party,False,0
livejournal_com,AFFICHE_W,False,True,True,OpenCookieDatabase,third_party,False,0
gdz-raketa_ru,yandexuid,False,True,True,OpenCookieDatabase,third_party,False,0
gdz-raketa_ru,yashr,False,True,True,OpenCookieDatabase,third_party,False,0
gdz-raketa_ru,bh,False,True,True,OpenCookieDatabase,third_party,False,0
gdz-raketa_ru,_ga,False,True,True,OpenCookieDatabase,first_party,False,0
gdz-raketa_ru,_gid,False,True,True,OpenCookieDatabase,first_party,False,0
gdz-raketa_ru,yuidss,False,True,True,OpenCookieDatabase,third_party,False,0
gdz-raketa_ru,_ym_uid,False,True,True,OpenCookieDatabase,first_party,False,0
gdz-raketa_ru,_ym_d,False,True,True,OpenCookieDatabase,first_party,False,0
gdz-raketa_ru,yandexuid,False,True,True,OpenCookieDatabase,third_party,False,0
gdz-raketa_ru,yuidss,False,True,True,OpenCookieDatabase,third_party,False,0
gdz-raketa_ru,_ym_isad,False,True,True,OpenCookieDatabase,first_party,False,0
gdz-raketa_ru,ymex,False,True,True,OpenCookieDatabase,third_party,False,0
gdz-raketa_ru,bh,False,True,True,OpenCookieDatabase,third_party,False,0
gdz-raketa_ru,AFFICHE_W,False,True,True,OpenCookieDatabase,third_party,False,0
rule34video_com,_ga,False,True,True,OpenCookieDatabase,first_party,False,0
corriere_it,FCCDCF,False,True,True,OpenCookieDatabase,first_party,False,0
corriere_it,s_fid,False,True,True,OpenCookieDatabase,first_party,True,0
corriere_it,s_ppv,False,True,True,OpenCookieDatabase,first_party,True,0
corriere_it,s_cc,False,True,True,OpenCookieDatabase,first_party,True,0
corriere_it,__pat,False,True,True,OpenCookieDatabase,first_party,False,0
corriere_it,__pvi,False,True,True,OpenCookieDatabase,first_party,False,0
corriere_it,cX_P,False,True,True,OpenCookieDatabase,first_party,False,0
corriere_it,pnespsdk_visitor,False,True,True,OpenCookieDatabase,first_party,False,0
corriere_it,s_tp,False,True,True,OpenCookieDatabase,first_party,True,0
flashscore_mobi,_gid,False,True,True,OpenCookieDatabase,first_party,False,0
flashscore_mobi,_gat,False,True,True,OpenCookieDatabase,first_party,False,0
flashscore_mobi,_ga,False,True,True,OpenCookieDatabase,first_party,False,0
flashscore_mobi,FCCDCF,False,True,True,OpenCookieDatabase,first_party,False,0
maricopa_gov,_ga,False,True,True,OpenCookieDatabase,first_party,False,0
bikewale_com,_ga,False,True,True,OpenCookieDatabase,first_party,False,0
bikewale_com,FCCDCF,False,True,True,OpenCookieDatabase,first_party,False,0
xnxx_health,_ga,False,True,True,OpenCookieDatabase,first_party,False,0
xnxx_health,bh,False,True,True,OpenCookieDatabase,third_party,False,0
xnxx_health,_ym_uid,False,True,True,OpenCookieDatabase,first_party,False,0
xnxx_health,_ym_d,False,True,True,OpenCookieDatabase,first_party,False,0
xnxx_health,_ym_isad,False,True,True,OpenCookieDatabase,first_party,False,0
xnxx_health,yandexuid,False,True,True,OpenCookieDatabase,third_party,False,0
xnxx_health,yuidss,False,True,True,OpenCookieDatabase,third_party,False,0
xnxx_health,ymex,False,True,True,OpenCookieDatabase,third_party,False,0
xnxx_health,bh,False,True,True,OpenCookieDatabase,third_party,False,0
xnxx_health,yandexuid,False,True,True,OpenCookieDatabase,third_party,False,0
xnxx_health,yuidss,False,True,True,OpenCookieDatabase,third_party,False,0
indianrail_gov_in,f5_cspm,False,True,True,OpenCookieDatabase,first_party,True,0
indianrail_gov_in,_gid,False,True,True,OpenCookieDatabase,first_party,False,0
indianrail_gov_in,_gat,False,True,True,OpenCookieDatabase,first_party,False,0
indianrail_gov_in,FCCDCF,False,True,True,OpenCookieDatabase,first_party,False,0
indianrail_gov_in,_ga,False,True,True,OpenCookieDatabase,first_party,False,0
hdtube_porn,_ga,False,True,True,OpenCookieDatabase,first_party,False,0
hdtube_porn,_gid,False,True,True,OpenCookieDatabase,first_party,False,0
hdtube_porn,bh,False,True,True,OpenCookieDatabase,third_party,False,0
hdtube_porn,_ym_uid,False,True,True,OpenCookieDatabase,first_party,False,0
hdtube_porn,_ym_d,False,True,True,OpenCookieDatabase,first_party,False,0
hdtube_porn,_ym_isad,False,True,True,OpenCookieDatabase,first_party,False,0
hdtube_porn,yandexuid,False,True,True,OpenCookieDatabase,third_party,False,0
hdtube_porn,yuidss,False,True,True,OpenCookieDatabase,third_party,False,0
hdtube_porn,ymex,False,True,True,OpenCookieDatabase,third_party,False,0
hdtube_porn,bh,False,True,True,OpenCookieDatabase,third_party,False,0
hdtube_porn,yandexuid,False,True,True,OpenCookieDatabase,third_party,False,0
hdtube_porn,yuidss,False,True,True,OpenCookieDatabase,third_party,False,0
amazon_in,AFFICHE_W,False,True,True,OpenCookieDatabase,third_party,False,0
inps_it,rxVisitor,False,True,True,OpenCookieDatabase,first_party,True,0
inps_it,dtSa,False,True,True,OpenCookieDatabase,first_party,True,0
inps_it,rxvt,False,True,True,OpenCookieDatabase,first_party,True,0
inps_it,dtPC,False,True,True,OpenCookieDatabase,first_party,True,0
inps_it,dtCookie,False,True,True,OpenCookieDatabase,first_party,True,0
tradingview_com,sp,False,True,True,OpenCookieDatabase,first_party,False,0
cpanel_net,_vwo_ds,False,True,True,OpenCookieDatabase,first_party,False,0
cpanel_net,_vwo_sn,False,True,True,OpenCookieDatabase,first_party,False,0
cpanel_net,_ga,False,True,True,OpenCookieDatabase,first_party,False,0
cpanel_net,_clck,False,True,True,OpenCookieDatabase,first_party,False,0
cpanel_net,_clsk,False,True,True,OpenCookieDatabase,first_party,False,0
washington_edu,_ga,False,True,True,OpenCookieDatabase,first_party,False,0
washington_edu,nmstat,False,True,True,OpenCookieDatabase,first_party,False,0
elconfidencial_com,sp,False,True,True,OpenCookieDatabase,third_party,False,0
elconfidencial_com,pbw,False,True,True,OpenCookieDatabase,third_party,False,0
elconfidencial_com,_ga,False,True,True,OpenCookieDatabase,first_party,False,0
elconfidencial_com,_gid,False,True,True,OpenCookieDatabase,first_party,False,0
enable-javascript_com,_ga,False,True,True,OpenCookieDatabase,first_party,False,0
xgroovy_com,_ga,False,True,True,OpenCookieDatabase,first_party,False,0
pusher_com,ajs_anonymous_id,False,True,True,OpenCookieDatabase,first_party,False,0
tailscale_com,rl_anonymous_id,False,True,True,OpenCookieDatabase,first_party,False,0
tailscale_com,rl_page_init_referrer,False,True,True,OpenCookieDatabase,first_party,False,0
tailscale_com,rl_session,False,True,True,OpenCookieDatabase,first_party,False,0
tailscale_com,_clck,False,True,True,OpenCookieDatabase,first_party,False,0
tailscale_com,_clsk,False,True,True,OpenCookieDatabase,first_party,False,0
no-ip_com,_ga,False,True,True,OpenCookieDatabase,third_party,False,0
no-ip_com,_gid,False,True,True,OpenCookieDatabase,third_party,False,0
no-ip_com,__insp_wid,False,True,True,OpenCookieDatabase,third_party,False,0
no-ip_com,__insp_slim,False,True,True,OpenCookieDatabase,third_party,False,0
no-ip_com,__insp_nv,False,True,True,OpenCookieDatabase,third_party,False,0
no-ip_com,__insp_targlpu,False,True,True,OpenCookieDatabase,third_party,False,0
no-ip_com,__insp_targlpt,False,True,True,OpenCookieDatabase,third_party,False,0
no-ip_com,__insp_norec_sess,False,True,True,OpenCookieDatabase,third_party,False,0
nationalgeographic_com,s_cc,False,True,True,OpenCookieDatabase,first_party,True,0
sofascore_com,FCCDCF,False,True,True,OpenCookieDatabase,first_party,False,0
championat_com,AFFICHE_W,False,True,True,OpenCookieDatabase,third_party,False,0
championat_com,yandexuid,False,True,True,OpenCookieDatabase,third_party,False,0
championat_com,yashr,False,True,True,OpenCookieDatabase,third_party,False,0
championat_com,bh,False,True,True,OpenCookieDatabase,third_party,False,0
championat_com,bh,False,True,True,OpenCookieDatabase,third_party,False,0
championat_com,_ym_uid,False,True,True,OpenCookieDatabase,first_party,False,0
championat_com,_ym_d,False,True,True,OpenCookieDatabase,first_party,False,0
championat_com,_ym_isad,False,True,True,OpenCookieDatabase,first_party,False,0
championat_com,yandexuid,False,True,True,OpenCookieDatabase,third_party,False,0
championat_com,yuidss,False,True,True,OpenCookieDatabase,third_party,False,0
championat_com,yandexuid,False,True,True,OpenCookieDatabase,third_party,False,0
championat_com,yuidss,False,True,True,OpenCookieDatabase,third_party,False,0
championat_com,yuidss,False,True,True,OpenCookieDatabase,third_party,False,0
championat_com,ymex,False,True,True,OpenCookieDatabase,third_party,False,0
championat_com,AFFICHE_W,False,True,True,OpenCookieDatabase,third_party,False,0
championat_com,_ym_uid,False,True,True,OpenCookieDatabase,third_party,False,0
championat_com,_ym_d,False,True,True,OpenCookieDatabase,third_party,False,0
championat_com,_ym_isad,False,True,True,OpenCookieDatabase,third_party,False,0
championat_com,bh,False,True,True,OpenCookieDatabase,third_party,False,0
w3schools_com,_ga,False,True,True,OpenCookieDatabase,first_party,False,0
magazineluiza_com_br,FCCDCF,False,True,True,OpenCookieDatabase,first_party,True,0
magazineluiza_com_br,FCNEC,False,True,True,OpenCookieDatabase,first_party,True,0
agora_io,_ga,False,True,True,OpenCookieDatabase,first_party,False,0
caliente_mx,_ga,False,True,True,OpenCookieDatabase,first_party,False,0
mat6tube_com,_ga,False,True,True,OpenCookieDatabase,first_party,False,0
mat6tube_com,_ym_uid,False,True,True,OpenCookieDatabase,first_party,False,0
mat6tube_com,_ym_d,False,True,True,OpenCookieDatabase,first_party,False,0
mat6tube_com,ymex,False,True,True,OpenCookieDatabase,third_party,False,0
mat6tube_com,bh,False,True,True,OpenCookieDatabase,third_party,False,0
mat6tube_com,yandexuid,False,True,True,OpenCookieDatabase,third_party,False,0
mat6tube_com,yuidss,False,True,True,OpenCookieDatabase,third_party,False,0
mat6tube_com,_ym_isad,False,True,True,OpenCookieDatabase,first_party,False,0
mat6tube_com,bh,False,True,True,OpenCookieDatabase,third_party,False,0
mat6tube_com,yandexuid,False,True,True,OpenCookieDatabase,third_party,False,0
mat6tube_com,yuidss,False,True,True,OpenCookieDatabase,third_party,False,0
rbc_ru,bh,False,True,True,OpenCookieDatabase,third_party,False,0
rbc_ru,yandexuid,False,True,True,OpenCookieDatabase,third_party,False,0
rbc_ru,yashr,False,True,True,OpenCookieDatabase,third_party,False,0
rbc_ru,_ym_uid,False,True,True,OpenCookieDatabase,first_party,False,0
rbc_ru,_ym_d,False,True,True,OpenCookieDatabase,first_party,False,0
rbc_ru,_ym_isad,False,True,True,OpenCookieDatabase,first_party,False,0
rbc_ru,yandexuid,False,True,True,OpenCookieDatabase,third_party,False,0
rbc_ru,yuidss,False,True,True,OpenCookieDatabase,third_party,False,0
rbc_ru,AFFICHE_W,False,True,True,OpenCookieDatabase,third_party,False,0
rbc_ru,ymex,False,True,True,OpenCookieDatabase,third_party,False,0
rbc_ru,yuidss,False,True,True,OpenCookieDatabase,third_party,False,0
rbc_ru,bh,False,True,True,OpenCookieDatabase,third_party,False,0
usercentrics_eu,_ga,False,True,True,OpenCookieDatabase,third_party,False,0
usercentrics_eu,FPID,False,True,True,OpenCookieDatabase,third_party,False,0
usercentrics_eu,FPLC,False,True,True,OpenCookieDatabase,third_party,False,0
cnnbrasil_com_br,_ga,False,True,True,OpenCookieDatabase,first_party,False,0
cnnbrasil_com_br,FCCDCF,False,True,True,OpenCookieDatabase,first_party,False,0
aznude_com,_ga,False,True,True,OpenCookieDatabase,first_party,False,0
xpaja_net,_ga,False,True,True,OpenCookieDatabase,first_party,False,0
ynet_co_il,_gid,False,True,True,OpenCookieDatabase,first_party,False,0
ynet_co_il,_ga,False,True,True,OpenCookieDatabase,first_party,False,0
ynet_co_il,FCCDCF,False,True,True,OpenCookieDatabase,first_party,False,0
sondakika_com,_ga,False,True,True,OpenCookieDatabase,first_party,False,0
sondakika_com,FCCDCF,False,True,True,OpenCookieDatabase,first_party,False,0
sondakika_com,__gfp_64b,False,True,True,OpenCookieDatabase,first_party,False,0
sondakika_com,bh,False,True,True,OpenCookieDatabase,third_party,False,0
sondakika_com,_ym_uid,False,True,True,OpenCookieDatabase,first_party,False,0
sondakika_com,_ym_d,False,True,True,OpenCookieDatabase,first_party,False,0
sondakika_com,_ym_isad,False,True,True,OpenCookieDatabase,first_party,False,0
sondakika_com,yandexuid,False,True,True,OpenCookieDatabase,third_party,False,0
sondakika_com,yuidss,False,True,True,OpenCookieDatabase,third_party,False,0
sondakika_com,ymex,False,True,True,OpenCookieDatabase,third_party,False,0
sondakika_com,bh,False,True,True,OpenCookieDatabase,third_party,False,0
sondakika_com,yandexuid,False,True,True,OpenCookieDatabase,third_party,False,0
sondakika_com,yuidss,False,True,True,OpenCookieDatabase,third_party,False,0
nypost_com,_ga,False,True,True,OpenCookieDatabase,first_party,False,0
ys7_com,HMACCOUNT,False,True,True,OpenCookieDatabase,first_party,True,0
ixl_com,_gid,False,True,True,OpenCookieDatabase,first_party,False,0
ixl_com,_gat,False,True,True,OpenCookieDatabase,first_party,False,0
ixl_com,_ga,False,True,True,OpenCookieDatabase,first_party,False,0
imgsrc_ru,bh,False,True,True,OpenCookieDatabase,third_party,False,0
imgsrc_ru,_ym_uid,False,True,True,OpenCookieDatabase,first_party,False,0
imgsrc_ru,_ym_d,False,True,True,OpenCookieDatabase,first_party,False,0
imgsrc_ru,_ym_isad,False,True,True,OpenCookieDatabase,first_party,False,0
imgsrc_ru,yandexuid,False,True,True,OpenCookieDatabase,third_party,False,0
imgsrc_ru,yuidss,False,True,True,OpenCookieDatabase,third_party,False,0
imgsrc_ru,ymex,False,True,True,OpenCookieDatabase,third_party,False,0
imgsrc_ru,bh,False,True,True,OpenCookieDatabase,third_party,False,0
imgsrc_ru,yandexuid,False,True,True,OpenCookieDatabase,third_party,False,0
imgsrc_ru,yuidss,False,True,True,OpenCookieDatabase,third_party,False,0
aniview_com,_ga,False,True,True,OpenCookieDatabase,first_party,False,0
aniview_com,_gid,False,True,True,OpenCookieDatabase,first_party,False,0
utexas_edu,_gid,False,True,True,OpenCookieDatabase,first_party,False,0
utexas_edu,_ga,False,True,True,OpenCookieDatabase,first_party,False,0
arbada_com,_ga,False,True,True,OpenCookieDatabase,first_party,False,0
arbada_com,_gid,False,True,True,OpenCookieDatabase,first_party,False,0
bazos_sk,_ga,False,True,True,OpenCookieDatabase,first_party,False,0
nps_gov,_ga,False,True,True,OpenCookieDatabase,first_party,False,0
ultradns_com,_biz_uid,False,True,True,OpenCookieDatabase,third_party,False,0
ultradns_com,_ga,False,True,True,OpenCookieDatabase,third_party,False,0
ultradns_com,s_cc,False,True,True,OpenCookieDatabase,third_party,True,0
ultradns_com,_biz_nA,False,True,True,OpenCookieDatabase,third_party,False,0
ultradns_com,_biz_flagsA,False,True,True,OpenCookieDatabase,third_party,False,0
ultradns_com,_biz_pendingA,False,True,True,OpenCookieDatabase,third_party,False,0
ultradns_com,ELOQUA,False,True,True,OpenCookieDatabase,third_party,False,0
bild_de,s_cc,False,True,True,OpenCookieDatabase,first_party,True,0
gravatar_com,tk_qs,False,True,True,OpenCookieDatabase,first_party,False,0
supjav_com,_ga,False,True,True,OpenCookieDatabase,first_party,False,0
superhosting_bg,_ga,False,True,True,OpenCookieDatabase,first_party,False,0
skyhigh_cloud,_ga,False,True,True,OpenCookieDatabase,third_party,False,0
skyhigh_cloud,_cs_c,False,True,True,OpenCookieDatabase,third_party,False,0
skyhigh_cloud,_cs_id,False,True,True,OpenCookieDatabase,third_party,False,0
skyhigh_cloud,_cs_s,False,True,True,OpenCookieDatabase,third_party,False,0
wikimedia_org,WMF-Last-Access,False,True,True,OpenCookieDatabase,first_party,False,0
wikimedia_org,GeoIP,False,True,True,OpenCookieDatabase,first_party,True,0
wikimedia_org,WMF-Last-Access,False,True,True,OpenCookieDatabase,first_party,False,0
umn_edu,_ga,False,True,True,OpenCookieDatabase,first_party,False,0
umn_edu,_ga,False,True,True,OpenCookieDatabase,first_party,False,0
apple_news,s_fid,False,True,True,OpenCookieDatabase,third_party,False,0
apple_news,s_cc,False,True,True,OpenCookieDatabase,third_party,True,0
apple_news,s_vi,False,True,True,OpenCookieDatabase,third_party,False,0
abovedomains_com,_ga,False,True,True,OpenCookieDatabase,third_party,False,0
abovedomains_com,_gid,False,True,True,OpenCookieDatabase,third_party,False,0
vtb_ru,rxVisitor,False,True,True,OpenCookieDatabase,first_party,True,0
vtb_ru,bh,False,True,True,OpenCookieDatabase,third_party,False,0
vtb_ru,dtSa,False,True,True,OpenCookieDatabase,first_party,True,0
vtb_ru,_ym_uid,False,True,True,OpenCookieDatabase,first_party,False,0
vtb_ru,_ym_d,False,True,True,OpenCookieDatabase,first_party,False,0
vtb_ru,bh,False,True,True,OpenCookieDatabase,third_party,False,0
vtb_ru,_ym_isad,False,True,True,OpenCookieDatabase,first_party,False,0
vtb_ru,rxvt,False,True,True,OpenCookieDatabase,first_party,True,0
vtb_ru,dtPC,False,True,True,OpenCookieDatabase,first_party,True,0
vtb_ru,dtCookie,False,True,True,OpenCookieDatabase,first_party,True,0
vtb_ru,dtLatC,False,True,True,OpenCookieDatabase,first_party,True,0
espn_com,s_cc,False,True,True,OpenCookieDatabase,third_party,True,0
xsmn_mobi,_ga,False,True,True,OpenCookieDatabase,first_party,False,0
xsmn_mobi,FCCDCF,False,True,True,OpenCookieDatabase,first_party,False,0
avira_com,s_cc,False,True,True,OpenCookieDatabase,first_party,True,0
betika_com,_ga,False,True,True,OpenCookieDatabase,first_party,False,0
betika_com,_gid,False,True,True,OpenCookieDatabase,first_party,False,0
betika_com,_gat,False,True,True,OpenCookieDatabase,first_party,False,0
blacktoon410_com,_ga,False,True,True,OpenCookieDatabase,first_party,False,0
theconversation_com,_ga,False,True,True,OpenCookieDatabase,first_party,False,0
fwmrm_net,_ga,False,True,True,OpenCookieDatabase,third_party,False,0
fwmrm_net,_gid,False,True,True,OpenCookieDatabase,third_party,False,0
mts_ru,_ga,False,True,True,OpenCookieDatabase,first_party,False,0
mts_ru,bh,False,True,True,OpenCookieDatabase,third_party,False,0
mts_ru,_ym_uid,False,True,True,OpenCookieDatabase,first_party,False,0
mts_ru,_ym_d,False,True,True,OpenCookieDatabase,first_party,False,0
mts_ru,_ym_isad,False,True,True,OpenCookieDatabase,first_party,False,0
mts_ru,ymex,False,True,True,OpenCookieDatabase,third_party,False,0
mts_ru,yashr,False,True,True,OpenCookieDatabase,third_party,False,0
mts_ru,yandexuid,False,True,True,OpenCookieDatabase,third_party,False,0
mts_ru,yuidss,False,True,True,OpenCookieDatabase,third_party,False,0
mts_ru,yandexuid,False,True,True,OpenCookieDatabase,third_party,False,0
mts_ru,yuidss,False,True,True,OpenCookieDatabase,third_party,False,0
mts_ru,ymex,False,True,True,OpenCookieDatabase,third_party,False,0
mts_ru,bh,False,True,True,OpenCookieDatabase,third_party,False,0
vungle_com,_biz_uid,False,True,True,OpenCookieDatabase,third_party,False,0
vungle_com,_biz_nA,False,True,True,OpenCookieDatabase,third_party,False,0
vungle_com,_biz_pendingA,False,True,True,OpenCookieDatabase,third_party,False,0
vungle_com,_gid,False,True,True,OpenCookieDatabase,third_party,False,0
vungle_com,_biz_flagsA,False,True,True,OpenCookieDatabase,third_party,False,0
vungle_com,_ga,False,True,True,OpenCookieDatabase,third_party,False,0
pussyspace_com,_ga,False,True,True,OpenCookieDatabase,first_party,False,0
yandex_com,yuidss,False,True,True,OpenCookieDatabase,first_party,False,0
yandex_com,is_gdpr,False,True,True,OpenCookieDatabase,first_party,False,0
yandex_com,is_gdpr_b,False,True,True,OpenCookieDatabase,first_party,False,0
yandex_com,yandexuid,False,True,True,OpenCookieDatabase,first_party,False,0
yandex_com,yashr,False,True,True,OpenCookieDatabase,first_party,False,0
yandex_com,bh,False,True,True,OpenCookieDatabase,first_party,False,0
yandex_com,_yasc,False,True,True,OpenCookieDatabase,first_party,False,0
cnn_com,__pat,False,True,True,OpenCookieDatabase,first_party,False,0
cnn_com,__pvi,False,True,True,OpenCookieDatabase,first_party,False,0
cnn_com,cX_P,False,True,True,OpenCookieDatabase,first_party,False,0
pluto_tv,_ga,False,True,True,OpenCookieDatabase,first_party,False,0
pluto_tv,_gid,False,True,True,OpenCookieDatabase,first_party,False,0
msn_com,SM,False,True,True,OpenCookieDatabase,first_party,True,0
tabor_ru,bh,False,True,True,OpenCookieDatabase,third_party,False,0
tabor_ru,_ym_uid,False,True,True,OpenCookieDatabase,first_party,False,0
tabor_ru,_ym_d,False,True,True,OpenCookieDatabase,first_party,False,0
tabor_ru,_ym_isad,False,True,True,OpenCookieDatabase,first_party,False,0
tabor_ru,yandexuid,False,True,True,OpenCookieDatabase,third_party,False,0
tabor_ru,yuidss,False,True,True,OpenCookieDatabase,third_party,False,0
tabor_ru,ymex,False,True,True,OpenCookieDatabase,third_party,False,0
tabor_ru,bh,False,True,True,OpenCookieDatabase,third_party,False,0
tabor_ru,yandexuid,False,True,True,OpenCookieDatabase,third_party,False,0
tabor_ru,yuidss,False,True,True,OpenCookieDatabase,third_party,False,0
elmundo_es,FCCDCF,False,True,True,OpenCookieDatabase,first_party,False,0
elmundo_es,_ga,False,True,True,OpenCookieDatabase,first_party,False,0
elmundo_es,_gid,False,True,True,OpenCookieDatabase,first_party,False,0
elmundo_es,__pat,False,True,True,OpenCookieDatabase,first_party,False,0
elmundo_es,__pvi,False,True,True,OpenCookieDatabase,first_party,False,0
elmundo_es,AMP_TOKEN,False,True,True,OpenCookieDatabase,first_party,False,0
elmundo_es,cX_P,False,True,True,OpenCookieDatabase,first_party,False,0
elmundo_es,FCNEC,False,True,True,OpenCookieDatabase,first_party,False,0
elmundo_es,pnespsdk_visitor,False,True,True,OpenCookieDatabase,first_party,False,0
g_co,__utma,False,True,True,OpenCookieDatabase,first_party,False,0
g_co,__utmc,False,True,True,OpenCookieDatabase,first_party,True,0
g_co,__utmz,False,True,True,OpenCookieDatabase,first_party,False,0
g_co,__utmt,False,True,True,OpenCookieDatabase,first_party,False,0
g_co,__utmb,False,True,True,OpenCookieDatabase,first_party,False,0
faphouse_com,_ga,False,True,True,OpenCookieDatabase,first_party,False,0
kooora_com,_ga,False,True,True,OpenCookieDatabase,first_party,False,0
worldbank_org,s_tp,False,True,True,OpenCookieDatabase,first_party,True,0
worldbank_org,s_ppv,False,True,True,OpenCookieDatabase,first_party,True,0
worldbank_org,s_cc,False,True,True,OpenCookieDatabase,first_party,True,0
classlink_com,_ga,False,True,True,OpenCookieDatabase,first_party,False,0
mzstatic_com,s_fid,False,True,True,OpenCookieDatabase,third_party,False,0
mzstatic_com,s_cc,False,True,True,OpenCookieDatabase,third_party,True,0
mzstatic_com,s_vi,False,True,True,OpenCookieDatabase,third_party,False,0
indiamart_com,_ga,False,True,True,OpenCookieDatabase,first_party,False,0
indiamart_com,FCCDCF,False,True,True,OpenCookieDatabase,first_party,False,0
fdown_net,_ga,False,True,True,OpenCookieDatabase,first_party,False,0
fdown_net,FCCDCF,False,True,True,OpenCookieDatabase,first_party,False,0
manhwaweb_com,_ga,False,True,True,OpenCookieDatabase,first_party,False,0
gismeteo_ru,bh,False,True,True,OpenCookieDatabase,third_party,False,0
gismeteo_ru,yandexuid,False,True,True,OpenCookieDatabase,third_party,False,0
gismeteo_ru,yashr,False,True,True,OpenCookieDatabase,third_party,False,0
gismeteo_ru,_ym_uid,False,True,True,OpenCookieDatabase,first_party,False,0
gismeteo_ru,_ym_d,False,True,True,OpenCookieDatabase,first_party,False,0
gismeteo_ru,_ym_isad,False,True,True,OpenCookieDatabase,first_party,False,0
gismeteo_ru,FCCDCF,False,True,True,OpenCookieDatabase,first_party,False,0
gismeteo_ru,yandexuid,False,True,True,OpenCookieDatabase,third_party,False,0
gismeteo_ru,yuidss,False,True,True,OpenCookieDatabase,third_party,False,0
gismeteo_ru,ymex,False,True,True,OpenCookieDatabase,third_party,False,0
gismeteo_ru,bh,False,True,True,OpenCookieDatabase,third_party,False,0
upenn_edu,_ga,False,True,True,OpenCookieDatabase,first_party,False,0
upenn_edu,_gid,False,True,True,OpenCookieDatabase,first_party,False,0
oxylabs_io,_ga,False,True,True,OpenCookieDatabase,first_party,False,0
oxylabs_io,_sn_a,False,True,True,OpenCookieDatabase,first_party,False,0
navitime_co_jp,_ga,False,True,True,OpenCookieDatabase,first_party,False,0
navitime_co_jp,_gid,False,True,True,OpenCookieDatabase,first_party,False,0
navitime_co_jp,_gat,False,True,True,OpenCookieDatabase,first_party,False,0
navitime_co_jp,__utma,False,True,True,OpenCookieDatabase,first_party,False,0
navitime_co_jp,__utmc,False,True,True,OpenCookieDatabase,first_party,True,0
navitime_co_jp,__utmz,False,True,True,OpenCookieDatabase,first_party,False,0
navitime_co_jp,__utmt,False,True,True,OpenCookieDatabase,first_party,False,0
navitime_co_jp,__utmb,False,True,True,OpenCookieDatabase,first_party,False,0
utorrent_com,_ga,False,True,True,OpenCookieDatabase,first_party,False,0
utorrent_com,_gid,False,True,True,OpenCookieDatabase,first_party,False,0
betking_com,_ga,False,True,True,OpenCookieDatabase,first_party,False,0
fmkorea_com,_ga,False,True,True,OpenCookieDatabase,first_party,False,0
fmkorea_com,FCCDCF,False,True,True,OpenCookieDatabase,first_party,False,0
imhentai_xxx,_ga,False,True,True,OpenCookieDatabase,first_party,False,0
doubleclick_net,_ga,False,True,True,OpenCookieDatabase,third_party,False,0
edna_ru,bh,False,True,True,OpenCookieDatabase,third_party,False,0
edna_ru,_ga,False,True,True,OpenCookieDatabase,first_party,False,0
edna_ru,_gid,False,True,True,OpenCookieDatabase,first_party,False,0
edna_ru,_ym_uid,False,True,True,OpenCookieDatabase,first_party,False,0
edna_ru,_ym_d,False,True,True,OpenCookieDatabase,first_party,False,0
edna_ru,_ym_isad,False,True,True,OpenCookieDatabase,first_party,False,0
edna_ru,yandexuid,False,True,True,OpenCookieDatabase,third_party,False,0
edna_ru,yuidss,False,True,True,OpenCookieDatabase,third_party,False,0
edna_ru,ymex,False,True,True,OpenCookieDatabase,third_party,False,0
edna_ru,bh,False,True,True,OpenCookieDatabase,third_party,False,0
edna_ru,yandexuid,False,True,True,OpenCookieDatabase,third_party,False,0
edna_ru,yuidss,False,True,True,OpenCookieDatabase,third_party,False,0
sectigo_com,_ga,False,True,True,OpenCookieDatabase,first_party,False,0
erome_com,_ga,False,True,True,OpenCookieDatabase,first_party,False,0
safety_google,_ga,False,True,True,OpenCookieDatabase,first_party,False,0
dzexams_com,_ga,False,True,True,OpenCookieDatabase,first_party,False,0
dzexams_com,FCCDCF,False,True,True,OpenCookieDatabase,first_party,False,0
onet_pl,__gfp_s_64b,False,True,True,OpenCookieDatabase,third_party,False,0
onet_pl,__pat,False,True,True,OpenCookieDatabase,first_party,False,0
onet_pl,__pvi,False,True,True,OpenCookieDatabase,first_party,False,0
nickfinder_com,FCCDCF,False,True,True,OpenCookieDatabase,first_party,False,0
3bmeteo_com,FCCDCF,False,True,True,OpenCookieDatabase,first_party,False,0
3bmeteo_com,FCNEC,False,True,True,OpenCookieDatabase,first_party,False,0
rackspace_com,_gid,False,True,True,OpenCookieDatabase,first_party,False,0
rackspace_com,_ga,False,True,True,OpenCookieDatabase,first_party,False,0
digitaloceanspaces_com,_ga,False,True,True,OpenCookieDatabase,third_party,False,0
digitaloceanspaces_com,ajs_anonymous_id,False,True,True,OpenCookieDatabase,third_party,False,0
pki_goog,_ga,False,True,True,OpenCookieDatabase,first_party,False,0
pki_goog,_gid,False,True,True,OpenCookieDatabase,first_party,False,0
motherless_com,_ga,False,True,True,OpenCookieDatabase,first_party,False,0
atlassian_net,ajs_anonymous_id,False,True,True,OpenCookieDatabase,third_party,False,0
lc_chat,_ga,False,True,True,OpenCookieDatabase,first_party,False,0
pravda_com_ua,_ga,False,True,True,OpenCookieDatabase,first_party,False,0
pravda_com_ua,FCCDCF,False,True,True,OpenCookieDatabase,first_party,False,0
pravda_com_ua,__gfp_64b,False,True,True,OpenCookieDatabase,first_party,False,0
wow_xxx,_ga,False,True,True,OpenCookieDatabase,first_party,False,0
wow_xxx,bh,False,True,True,OpenCookieDatabase,third_party,False,0
wow_xxx,_ym_uid,False,True,True,OpenCookieDatabase,first_party,False,0
wow_xxx,_ym_d,False,True,True,OpenCookieDatabase,first_party,False,0
wow_xxx,_ym_isad,False,True,True,OpenCookieDatabase,first_party,False,0
wow_xxx,yandexuid,False,True,True,OpenCookieDatabase,third_party,False,0
wow_xxx,yuidss,False,True,True,OpenCookieDatabase,third_party,False,0
wow_xxx,ymex,False,True,True,OpenCookieDatabase,third_party,False,0
wow_xxx,bh,False,True,True,OpenCookieDatabase,third_party,False,0
wow_xxx,yandexuid,False,True,True,OpenCookieDatabase,third_party,False,0
wow_xxx,yuidss,False,True,True,OpenCookieDatabase,third_party,False,0
sportybet_com,_ga,False,True,True,OpenCookieDatabase,first_party,False,0
spamhaus_org,_ga,False,True,True,OpenCookieDatabase,first_party,False,0
spamhaus_org,_gid,False,True,True,OpenCookieDatabase,first_party,False,0
timeweb_ru,bh,False,True,True,OpenCookieDatabase,third_party,False,0
timeweb_ru,_ym_uid,False,True,True,OpenCookieDatabase,third_party,False,0
timeweb_ru,_ym_d,False,True,True,OpenCookieDatabase,third_party,False,0
timeweb_ru,_ym_isad,False,True,True,OpenCookieDatabase,third_party,False,0
timeweb_ru,ymex,False,True,True,OpenCookieDatabase,third_party,False,0
timeweb_ru,yandexuid,False,True,True,OpenCookieDatabase,third_party,False,0
timeweb_ru,yuidss,False,True,True,OpenCookieDatabase,third_party,False,0
timeweb_ru,yandexuid,False,True,True,OpenCookieDatabase,third_party,False,0
timeweb_ru,yuidss,False,True,True,OpenCookieDatabase,third_party,False,0
timeweb_ru,bh,False,True,True,OpenCookieDatabase,third_party,False,0
shaalaa_com,_ga,False,True,True,OpenCookieDatabase,first_party,False,0
samsung_com,s_ppv,False,True,True,OpenCookieDatabase,first_party,True,0
amazon_eg,AFFICHE_W,False,True,True,OpenCookieDatabase,third_party,False,0
creativecommons_org,_ga,False,True,True,OpenCookieDatabase,first_party,False,0
note_com,_ga,False,True,True,OpenCookieDatabase,first_party,False,0
note_com,_gid,False,True,True,OpenCookieDatabase,first_party,False,0
conectate_com_do,FCCDCF,False,True,True,OpenCookieDatabase,first_party,False,0
connatix_com,_ga,False,True,True,OpenCookieDatabase,third_party,False,0
apnews_com,_vfa,False,True,True,OpenCookieDatabase,first_party,False,0
apnews_com,_vfz,False,True,True,OpenCookieDatabase,first_party,False,0
apnews_com,_vfz,False,True,True,OpenCookieDatabase,first_party,False,0
apnews_com,_vfb,False,True,True,OpenCookieDatabase,first_party,False,0
tripadvisor_com,TAUnique,False,True,True,OpenCookieDatabase,first_party,False,0
kolkataff_tv,_ga,False,True,True,OpenCookieDatabase,first_party,False,0
faphouse2_com,_ga,False,True,True,OpenCookieDatabase,first_party,False,0
az24_vn,_ga,False,True,True,OpenCookieDatabase,first_party,False,0
az24_vn,FCCDCF,False,True,True,OpenCookieDatabase,first_party,False,0
az24_vn,pbw,False,True,True,OpenCookieDatabase,third_party,False,0
uk_com,_ga,False,True,True,OpenCookieDatabase,first_party,False,0
starlink_com,_ga,False,True,True,OpenCookieDatabase,first_party,False,0
playhop_com,_yasc,False,True,True,OpenCookieDatabase,first_party,False,0
playhop_com,yandexuid,False,True,True,OpenCookieDatabase,first_party,False,0
playhop_com,yashr,False,True,True,OpenCookieDatabase,first_party,False,0
playhop_com,yandexuid,False,True,True,OpenCookieDatabase,third_party,False,0
playhop_com,yashr,False,True,True,OpenCookieDatabase,third_party,False,0
playhop_com,_ga,False,True,True,OpenCookieDatabase,first_party,False,0
playhop_com,_ym_uid,False,True,True,OpenCookieDatabase,first_party,False,0
playhop_com,_ym_d,False,True,True,OpenCookieDatabase,first_party,False,0
playhop_com,bh,False,True,True,OpenCookieDatabase,third_party,False,0
playhop_com,yashr,False,True,True,OpenCookieDatabase,third_party,False,0
playhop_com,_ym_isad,False,True,True,OpenCookieDatabase,first_party,False,0
playhop_com,_ym_uid,False,True,True,OpenCookieDatabase,first_party,False,0
playhop_com,yandexuid,False,True,True,OpenCookieDatabase,third_party,False,0
playhop_com,yuidss,False,True,True,OpenCookieDatabase,third_party,False,0
playhop_com,ymex,False,True,True,OpenCookieDatabase,third_party,False,0
playhop_com,yuidss,False,True,True,OpenCookieDatabase,third_party,False,0
playhop_com,ymex,False,True,True,OpenCookieDatabase,third_party,False,0
playhop_com,FCCDCF,False,True,True,OpenCookieDatabase,first_party,False,0
playhop_com,bh,False,True,True,OpenCookieDatabase,third_party,False,0
playhop_com,yandexuid,False,True,True,OpenCookieDatabase,third_party,False,0
playhop_com,yashr,False,True,True,OpenCookieDatabase,third_party,False,0
playhop_com,bh,False,True,True,OpenCookieDatabase,third_party,False,0
android_com,_ga,False,True,True,OpenCookieDatabase,first_party,False,0
seedtag_com,_ga,False,True,True,OpenCookieDatabase,first_party,False,0
seedtag_com,_gid,False,True,True,OpenCookieDatabase,first_party,False,0
pubmatic_com,vuid,False,True,True,OpenCookieDatabase,third_party,False,0
datadoghq_com,ajs_anonymous_id,False,True,True,OpenCookieDatabase,first_party,False,0
datadoghq_com,_gid,False,True,True,OpenCookieDatabase,first_party,False,0
datadoghq_com,FPID,False,True,True,OpenCookieDatabase,first_party,False,0
datadoghq_com,FPLC,False,True,True,OpenCookieDatabase,first_party,False,0
nbcnews_com,s_cc,False,True,True,OpenCookieDatabase,first_party,True,0
nbcnews_com,__pat,False,True,True,OpenCookieDatabase,first_party,False,0
nbcnews_com,__pvi,False,True,True,OpenCookieDatabase,first_party,False,0
nbcnews_com,cX_P,False,True,True,OpenCookieDatabase,first_party,False,0
mysql_com,s_tp,False,True,True,OpenCookieDatabase,first_party,True,0
mysql_com,s_ppv,False,True,True,OpenCookieDatabase,first_party,True,0
mysql_com,s_cc,False,True,True,OpenCookieDatabase,first_party,True,0
ucla_edu,_ga,False,True,True,OpenCookieDatabase,first_party,False,0
